segment_1|Quỳnh Lam xin mến chào quý vị và các bạn đang đến với kênh audio truyện hay.
segment_2|Quý vị và các bạn thân mến, người ta vẫn nói nhân quả báo ứng, hiện ác hữu hồi.
segment_3|Có những tội lỗi tưởng chừng có thể chôn vùi dưới lớp đất lạnh, nhưng rồi cũng có ngày bị đào lên.
segment_4|Có những sai lầm cứ ngỡ có thể che giấu mãi mãi, nhưng đến lúc trời cao mở mắt, quỷ thần chứng giám, tất cả đều bị phơi bày.
segment_5|Đêm mưa lạnh lẽo, nghĩa địa hoang vu, một ngôi mộ mới đắp trở thành mục tiêu của kẻ tam lam.
segment_6|Chúng không biết rằng bên dưới lớp đất đó không chỉ có vàng bạc mà còn là nỗi oán hờn, là linh hồn chưa yên nghỉ.
segment_7|Đào mồ trộm của, tưởng rằng sẽ đổi đời, nhưng đổi lại chỉ là sự trừng phạt ghê rợn từ cõi âm.
segment_8|Câu chuyện hôm nay là một lời nhắc nhở về nhân quả, về những tội lỗi không thể dung thứ.
segment_9|Sau đây, xin mời quý vị và các bạn cùng nghe truyện.
segment_10|Trời đã đổ về tinh mơ, đâu đó trong làng tiếng gà đã gáy, nhưng thanh âm thảng thốt đó rất nhanh tan loãng vào trong không khí buồn thảm.
segment_11|Khung cảnh làng quê vẫn chìm trong một màn sương trắng đục, cảnh vật quạnh quẽ như một ngôi làng của người âm, vì người ta còn chưa trở dậy.
segment_12|Vậy mà ở khoảng sân gạch rộng thênh thang nhà ông bá kiệm, toàn bộ gia nô trong nhà ông bá đã tề tựu đông đủ.
segment_13|Tám đứa đầy tớ thân mặc áo tối màu, đi chân trần, đứng thành một vòng tròn đang lấm lét nhìn nhau bằng ánh mắt nửa ngạc nhiên, nửa như kinh sợ.
segment_14|Mấy bó đuốc ngồn ngộn cháy đượm, hắt luồng sáng đủ để soi tỏ một sự việc rất đỗi éo le.
segment_15|Bởi lẽ giữa vòng tròn ấy có một thân người nằm co quắp, quần áo sộc sệch, mặt sưng phù vì đòn roi.
segment_16|Vương vãi xung quanh thân người đó là hằng ha sa số vàng bạc trắng nằm lăn lóc.
segment_17|Kẻ ấy không ai khác ngoài thằng Jano tên danh.
segment_18|Danh năm nay mới tròn nhị tuần, làm công cho một gia đình ông bá hơn một năm và tỏ ra là một tay mẫn cán rất được lòng ông bà chủ.
segment_19|Ngoái mặt vào trong, ông bá thấy vợ mình đang dìu bà cụ thân sinh đi ra.
segment_20|Ở trên bậc tam cấp, ông Bá Kiệm đang đi đi lại lại, mặt hầm hầm lửa giận và cái roi ra cá trên tay ông kéo lê theo mỗi nhịp di chuyển.
segment_21|Từ bên trong nhà có tiếng nói thều thào vọng ra như van lơn, Thôi thôi nhà ông Kiệm ơi, còn đánh nữa thì nó chết thì phải tội.
segment_22|Bà cụ thân sinh ra ông bá tên là Nhâm, năm nay ngót bát tuần, đổ bệnh mấy tháng nay và chẳng mấy khi rời giường.
segment_23|Nhắc thấy bu mình lê những bước chân nặng nề tiến ra, ông bá cả kinh bỏ vội cái soi ra cá.
segment_24|Ông tiến lại đỡ tay bu mình rồi dịu giọng.
segment_25|Chết thật, sao bu lại ra đây thế này? Trời còn đương tối lắm, bu vào nhà kẻo mà trúng cơn gió độc thì nguy to.
segment_26|Gạt tay con trai ra, bà cụ nói sẵn.
segment_27|Vợ anh không vào gọi tôi thì ai cản cơn giận của anh cho được?
segment_28|Thế làm sao mà lại đánh nó thân tàn ma dại thế kia?
segment_29|"Sao mày dại dột thế hả danh? Thiếu thốn cái gì sao không xin thẳng ông bà chủ mà lại làm cái trò trộm cắp thế hả?"
segment_30|Hỏi xong bà cụ lại thúng thắng ho vài tiếng.
segment_31|Nghe bu mình cơi lại chuyện cũ, ông bá lại trào sôi lửa giận.
segment_32|Ông tiến thẳng ra sân, trỏ tay vào thằng Gianô đang nằm trong vũng máu rồi tức tối phân bua.
segment_33|Đây bu xem, thằng này nó nhân lúc đêm hôm trời tối, dám lẻn vào nhà trộm cắp, bị con và thằng bồi rình bắt được tận tay.
segment_34|Bảo sao dạo này tiền vàng trong nhà hao hụt đi lắm thế?
segment_35|Ra là mình nuôi quân phản phúc trong nhà.
segment_36|Bà cụ nheo mắt nhìn, sau đó thều thào nói,
segment_37|Thấy con trai đang cơn lửa giận, bà cụ mệt nhọc can.
segment_38|Thôi nhà anh kiệm ạ, chín bỏ làm 10, đánh nó thế được rồi, cứ mở cho nó cái đức hiếu sinh.
segment_39|Ông bá quả quyết.
segment_40|Trước nay bu dạy gì con cũng xin vâng, nhưng lần này thì con xin trái ý.
segment_41|Riêng cái loài tinh ăn mù làm này thì con phải nghiêm trị.
segment_42|Thấy con trai mình quả quyết quá, bà cụ nhâ hốt hoảng can lại.
segment_43|Bu có còn nhớ không? Cái ngày bu con ta lên tỉnh lị về, thấy nó nằm thoi thóp bên đường, thân mang trọng bệnh.
segment_44|Thôi nhà anh Kiệm ạ, giờ mà anh giao nó cho Tuần Đinh rồi việc tới tai cụ tránh thì coi như rắc rối to.
segment_45|Con đã nghe bu cứu giúp nó, lại cưu mang nó trong nhà, cho làm gia nô, cơm ngày hai bữa, một năm tám quan tiền.
segment_46|Luật làng ta nghiêm lắm, ăn cắp thì chặt tay mà gian dâm thì thả bè chuối.
segment_47|Con hỏi bu, có nhà nào đối đãi với gia nhân tốt như nhà mình không?
segment_48|Thế mà con không ngờ mình nuôi ong tay áo, rước cáo vào nhà.
segment_49|Loại này không nghiêm trị, tất có ngày nó dắt cướp vào tận nhà mà làm hại gia cang.
segment_50|Ngừng một giây, ông bá chừng mắt thét.
segment_51|Chúng mày đâu, theo tao áp giải quân bất lương này giao cho tuần Đinh để cụ tránh xử theo luật làng.
segment_52|Đám gia nô trong nhà vốn chịu ơn ông bá nên nhất mực tuân theo.
segment_53|Thôi thì coi như bu xin, tha một người là tạo nhiều phúc ấm lắm nhà anh ngạ.
segment_54|Nhưng may phước sao vin vào lời của bu mình, ông bá như cởi bỏ được khúc mắc.
segment_55|Thật tình, ông Bá Kiệm chẳng hề muốn làm như lời mình nói.
segment_56|Giờ thì cuốn xéo ngay khỏi nhà, đừng để tao thấy mặt mày thêm.
segment_57|Ông bá là một kẻ học rộng hiểu cao, sống rất biết trước biết sau và coi gia nô như người nhà.
segment_58|Dẫu vậy, ông vẫn trừng mắt nạt.
segment_59|Những đứa khác lấy đó làm gương, nhược bằng có lần nữa thì đừng trách tao tuyệt tình.
segment_60|May phước cho mày là bu tao tấm lòng từ bi, hôm nay coi như tao tha.
segment_61|Hơn hết thằng danh cũng thuộc dạng mau lẹ, làm gì cũng rất đúng ý ông, thành ra ông cũng vô cùng cảm mến.
segment_62|Nhưng là một người cương trực, đời ông hận nhất là cái loại tinh ăn mù làm, chỉ chờ hở ra là trộm cắp.
segment_63|Thêm cái là sự việc rành rành 3 năm rõ 10, nếu ông không làm nghiêm để ăn đe, tất sau này sẽ xảy ra tiền lệ xấu.
segment_64|Ông biết nếu đem thằng danh giao cho Tuần Đinh thì chắc chắn nó sẽ bị chặt tay, tống cổ khỏi làng.
segment_65|Điều đó ông cũng không đành lòng.
segment_66|Thấy con trai đã xuôi, bà cụ nhâ mệt mỏi tiến lại.
segment_67|Đón lấy túi bạc mà con hầu gái mới hốt vào, bà cụ móc trong ống tay áo ra thêm mấy quan tiền, đem dúi cho danh rồi thảm nãm bảo.
segment_68|Nhà cụ chẳng ai bạc ác với mày mà mày gây ra tội lớn quá.
segment_69|Thôi thì có túi bạc và mấy quan tiền này, coi như tiền công lâu nay mày hầu hạ, cầm lấy rồi đi nơi khác kiếm kế sinh nhai.
segment_70|Vừa lệnh, bà cụ vừa dìu thằng danh dậy rồi trách.
segment_71|Mày dại lắm con ạ, mua danh ba vạn, bán danh ba đồng, coi như trận đòn hôm nay là bài học cảnh tỉnh.
segment_72|Sau này sống phải thành người ngay thẳng, đừng vì chút lợi lộc trước mắt mà nảy lòng tham, có ngày chết đấy con ạ.
segment_73|Danh yếu ớt quỳ xuống rồi chắp tay vái bà cụ như tế sao.
segment_74|Mày ở nhà cụ, không có công lao cũng có khổ lao.
segment_75|Từ nay cấm chỉ làm trò trộm cắp.
segment_76|Danh đón lấy túi bạc và sâu tiền kẽm, sau đó yếu ớt đứng dậy và lủi thủi bỏ đi.
segment_77|Màn sương trắng vẫn lờ mờ bủa vây, rất nhanh cái bóng thất thẻo đã mất dạng sau cánh cổng gỗ và hàng rào đá ong cao mấy thước.
segment_78|Mệt mỏi buông một tiếng thở dài, bà cụ yếu ớt bấu lấy tay con dâu, hất hàm ra hiệu đưa mình vào buồng.
segment_79|Ông bá cũng chán nản xua tay cho đám gia nô tản đi, trong khi một mình ông tiến lại hàng hiên, u sầu suy nghĩ về nhân tình thế thái.
segment_80|Kể thêm một chút về gia cảnh nhà ông Bá Kiệm.
segment_81|Gia đình ông bá gốc gác bảy đời đều sinh sống ở làng này.
segment_82|Gia đình ông bá giàu cố đế thâm canh.
segment_83|Ruộng vườn tiền bạc từ đời tiền nhân chất trồng để lại, đến đời ông nhờ vào tài tính toán làm ăn nên gia sản đã nhân lên gấp trăm.
segment_84|Chẳng riêng gì với vợ con hay đầy tớ trong nhà, với những thân phận cùng đinh trong làng, ông bá cũng tỏ ra hết sức thân tình, chẳng nề hà địa vị giai cấp.
segment_85|Tiền bạc trong nhà nhiều quá, ông bá còn rộng lượng xuất tiền gạo để cứu làng qua cơn lũ lớn năm mùi.
segment_86|Những bận giáp hạt người làng đói miếng ăn, cũng chính ông bá lệnh mở kho phát gạo.
segment_87|Lại bỏ một số tiền lớn để xây dựng trường làng, tự thuê một ông đồ có tiếng ở tổng bên về gõ đầu trẻ.
segment_88|Tất cả những việc làm nhân đức đó đều được người ta biết tới.
segment_89|Vậy nên trong làng, gia đình ông Bá Kiệm được người ta trọng vọng coi như Phật sống.
segment_90|Ngay cả đám cụ chánh và hương thân cũng hết mực tôn kính gia đình ông, nhưng ông đồ chẳng màng danh vọng, chỉ muốn sống một đời bình an.
segment_91|Ông bá là con người tốt tính thiện lương, nhưng khỏi phải nói, người làng này đều chịu ơn bà cụ nhâ gấp trăm lần.
segment_92|Là một người hiền từ ăn chay trường đã mấy mươi năm.
segment_93|Bà cụ luôn tỏ ra là người nhân nghĩa,
segment_94|chẳng bao giờ để bụng chuyện gì.
segment_95|Dạo còn trẻ, bà cụ là một lang y cao tay, đã bao lần cứu sống người ta mà chẳng màng một đồng một cắc.
segment_96|Chẳng riêng gì người lớn, mà đám trẻ con trong làng đều quý mến, gọi bà một tiếng là bà nội.
segment_97|Làng Nhậm Hà, nhờ hồng phúc của gia đình bà cụ Nhâm, nên mấy năm rày thay ra đổi thịt.
segment_98|Từ hàng trăm mái nhà tranh rột nát, nay đời sống trong làng đã được cải thiện rõ.
segment_99|Khác xa với mấy ngôi làng quanh đây.
segment_100|Trẻ con trong làng được cắp hút nghiêng đi học.
segment_101|Đám cùng đinh cũng có con trâu đi cày.
segment_102|Trong nhà cũng nuôi được bầy gà đẻ trứng.
segment_103|Trong làng vì thế cũng sinh ra lắm kẻ hay chữ.
segment_104|Nạn đói, nạn dốt đã phần nào được đẩy lui, và hơn hết, đám đàn ông trong làng đã bỏ được tật rượu chè bê tha.
segment_105|Điều đó làm cho ai ai cũng phấn khởi, đời sống được cải thiện.
segment_106|Nhưng chính vì thế, luật lệ trong làng lại trở nên cực kỳ nghiêm khắc và thói trộm cắp lúc bấy giờ bị xem là một trọng tội.
segment_107|Quay trở lại hoàn cảnh hôm ấy.
segment_108|Ngồi một lúc thì ánh nắng ban mai cũng bắt đầu len lói.
segment_109|Đám sương trắng cũng phần nào loãng tan.
segment_110|Làng quê tịnh mịch nay đã bừng lên sức sống.
segment_111|Nào là tiếng gà kêu, tiếng chó sủa, tiếng chân người nện trên lòng đường, tiếng gọi nhau ý ới đi chợ.
segment_112|Hàng tá thanh âm xen kẽ đem lại sinh khí cho một ngày dài.
segment_113|Mệt mỏi chống tay đứng dậy, ông Bá Kiệm tiến vào nhà, chộp lấy cây ba toong rồi lại quay bước trở ra.
segment_114|Thấy chồng mình tất tả đi vội, bà bá rảo bước tiến nhanh ra rồi hỏi.
segment_115|Mình đi đâu mà sớm thế? Thế quan sáng không để em bảo con sen nó dọn mâm lên?
segment_116|Ngoái lại nhìn vợ bằng ánh mắt còn vương đầy tâm sự.
segment_117|Ông bá lắc đầu bảo.
segment_118|Tôi sang nhà cụ Tránh để bàn về việc chị Thủy.
segment_119|Mấy đêm trước xem Thiên Văn thấy dị tượng, dự là năm nay gặp cơn bão to.
segment_120|Để làng mình mà không ra cố lại, khéo thì cái hạn năm mùi lại ập tới thì lao đao một phen.
segment_121|Mình cứ cho bu ăn trước, sau đó cho bu uống thuốc và nghỉ thêm.
segment_122|Tôi đi chưa biết bao lâu thì mới về.
segment_123|Nói rồi, ông bá quả quyết chống ba toong đi ngay.
segment_124|Bà bá đứng tựa cửa nhìn chồng, sau đó cũng lật đật tiến xuống nhà ngang, hối con sen để sắp mâm cơm sáng.
segment_125|Về phần Danh, sau khi ăn trận đòn nhừ tử và bị tống cổ khỏi làng, gã thất thểu bỏ sang một căn nhà nằm ở triền đê làng Nhậm Lý.
segment_126|Nơi đó có người bạn thân gã quen biết lâu nay, nhằm xin tá túc trong lúc tìm kế sinh nhai.
segment_127|Nói là bạn thân cho oai, kỳ thật đó là một tay cờ bạc có hạng mà Danh quen biết khi đi đỏ đen.
segment_128|Gã đàn ông đó tên là Tái, hơn Danh một tuổi, cũng là phận cùng đinh, áo vải như nhau.
segment_129|Đang ngồi phanh cúc áo để nhâm nhi chén trà sớm, thấy Danh thất thểu bước vào với bộ dạng tàn tạ.
segment_130|Tái vội đứng dậy, bằng điệu bộ sửng sốt, gã hỏi vội.
segment_131|Mày đi đâu mà sáng ra đã mò sang đây sớm vậy? Đứa nào đánh mày vậy?
segment_132|Khạc một bãi đờm nhổ toẹt xuống đất, Danh hạ mình ngồi xuống chõng, tự tay rót một cốc trà rồi nốc cạn.
segment_133|Nhìn bạn mình, Danh bực dọc nói.
segment_134|Thằng nào đánh tôi cho nổi, ngoài thằng bá Kiệm.
segment_135|Mẹ kiếp, đúng là đi đêm lắm có ngày gặp ma chẳng sai.
segment_136|Tôi lẻn vào tính trộm vài quan tiền đi làm mấy ván xanh chín, tám lần trước trót lọt.
segment_137|Thế mà lần này bị tóm sống.
segment_138|Lão ấy đánh tôi thân tàn ma dại, rồi còn định báo làng.
segment_139|Tái dè dặt nhìn bạn, vừa rót thêm nước vào chén, vừa căn vặn.
segment_140|Rồi sao mà thoát? Trốn nhà lao hả?
segment_141|Danh vặn mình.
segment_142|Mấy vết bầm tím làm gã đau ê ẩm.
segment_143|Con cọm nhà nhà ấy nó xin tha.
segment_144|May mà có nó chứ không thì chẳng biết sự sẽ ra thế nào.
segment_145|Tái chép miệng.
segment_146|Thôi, cũng coi như trong họa có phúc.
segment_147|Vào trong nhà lấy bộ đồ mới đi tắm đi.
segment_148|Để tao bắt con gà mần thịt đánh chén, coi như đoạn tuyệt quá khứ làm thằng đầy tớ.
segment_149|Danh ngậm ừ, mắt vẫn đăm đăm nhìn về hướng làng cũ.
segment_150|Cả ngày hôm đó, hai gã cà kê đến khi say mèm thì mới lăn ra ngủ.
segment_151|Về phần ông Bá Kiệm, sau khi cuộc họp bàn về đắp đê diễn ra xong,
segment_152|ông bá cũng chưa vội về ngay, mà rảo chân ra đồng thăm ruộng.
segment_153|Độ này sắp tới mùa gặt.
segment_154|Đi từ đằng xa, ông bá đã nhìn thấy cả một biển lúa vàng rượm.
segment_155|Như sáng lên dưới cái nắng chói chang của mùa hè.
segment_156|Cái ruộng thuộc về sở hữu của gia đình đã được đám gia nô ngăn nước lại để chuẩn bị cho công cuộc thu hoạch.
segment_157|Mùi bùn khô hòa với mùi lá lúa bị nắng hun nóng, tạo ra một mùi hương đặc trưng của đồng lúa chín.
segment_158|Rảo chân đi trên con đường rậm rì cỏ gấu.
segment_159|Ông bá hài lòng dõi mắt ra tứ hướng.
segment_160|Cánh đồng rộng mênh mông, tạo ra một khoảng trời bát ngát, gió thổi lồng lộng.
segment_161|Lúa gần chín hết rồi, độ đôi ba hôm nữa có thể cho chúng nó ra cắt.
segment_162|Ông bá cả mừng lẩm bẩm trong họng.
segment_163|Sau đó đi thẳng tới một gốc cây đa mọc giữa cánh đồng để tránh nắng.
segment_164|Chống cây ba toong lại một mô đất cao nằm dưới tán cây.
segment_165|Ông bá phanh cúc áo ngực nhằm đón ít gió trời.
segment_166|Đang dõi mắt ra thảm vàng, không thấy điểm cuối, chợt ông bá thấy một bóng người cũng đang đi tới hướng này.
segment_167|Xem ra cũng là một người đi thăm đồng như ông.
segment_168|Nhưng khi kẻ kia càng tiến lại gần, ông bá mới nhận ra, đó không phải một người trong làng, mà là một người đàn bà độ ngoài lục tuần.
segment_169|Dáng dấp gầy gò, thân mặc bộ đồ lụa màu trắng, với dáng đi rất thanh thoát.
segment_170|Thấy ông bá đang đứng nghỉ chân, người đàn bà khẽ cúi đầu chào và nhận lại cái đáp lễ đầy lịch sự.
segment_171|Đến lúc này thì ông bá mới có thể quan sát kỹ hơn.
segment_172|Gương mặt người đàn bà này nom rất phúc hậu.
segment_173|Làn da đồi mồi, đôi chỗ đã điểm vết chân chim, nhưng cũng còn níu lại được nét xuân sắc hiếm có.
segment_174|Hàm răng của người đàn bà này khác xa với thời cuộc, nghĩa là không đen nhánh như hạt na mà trắng bóc và đều như hạt bưởi.
segment_175|Duy chỉ có điều làm ông bá cảm thấy hơi khó chịu, đó là đôi mắt của bà ta rất sáng.
segment_176|Hệt như có thể đọc thấu suy nghĩ của kẻ đối diện.
segment_177|Và cũng vì đôi mắt này khiến ông bá chẳng dám nhìn lâu, đành quay đi chỗ khác như lảng tránh.
segment_178|Đôi tay không ngừng lần tràng hạt bằng gỗ, người đàn bà đột nhiên gợi chuyện.
segment_179|Chào ông, ông cũng nghỉ chân tránh nắng phỏng?
segment_180|Ông bá chắp tay xá rồi đáp.
segment_181|Vâng thưa bà, tôi đi thăm đồng nên lên đây để tránh nắng.
segment_182|Nay nắng gắt gao quá bà ạ.
segment_183|Chẳng hay bà là người ở đâu?
segment_184|Tú thật đây là lần đầu tiên tôi diện kiến với bà.
segment_185|Người đàn bà thật thà kể.
segment_186|Tôi đi thăm con gái lấy chồng ở làng bên, vô tình đi qua đây ông ạ.
segment_187|Vậy ra ông là người làng này chứ chẳng phải là khách bộ hành như tôi.
segment_188|Ông bá mỉm cười, trỏ tay lại hướng một nóc nhà cao nhất trong làng rồi nói.
segment_189|Vâng, tôi là Kiệm, là người trong làng này.
segment_190|Nhà tôi kia kìa, cái nhà có nóc cao nhất đấy bà ạ.
segment_191|Dõi mắt nhìn theo hướng tay ông bá, ngay lập tức nét mặt của người đàn bà đột nhiên đổi sắc.
segment_192|Như để xác nhận lại nghi hoặc trong lòng, người đàn bà hỏi lại.
segment_193|Có phải cái nhà có giàn hoa giấy ở cổng đúng không ông?
segment_194|Quanh nhà đó có mấy cái ao hoang và ở cổng có một đôi chó đá phỏng?
segment_195|Ông bá Kiệm sửng sốt.
segment_196|Vâng, đích thị là thế.
segment_197|Ra là bà cũng biết gia đình tôi.
segment_198|Thấy người đàn bà bày ra nét khó xử.
segment_199|Là một người đàn ông tinh ý, thái độ đó rất nhanh bị ông bá nhận ra.
segment_200|Khựng người lại mấy giây, ông bá hỏi.
segment_201|Mạn phép cho tôi hỏi thẳng, chẳng hay có sự gì mà bà có vẻ bối rối vậy?
segment_202|Đáp lại câu hỏi của ông bá là một câu hỏi khác.
segment_203|Chẳng hay trong nhà ông có người nào già cả và bệnh tật lâu nay chăng?
segment_204|Ông bá sửng sốt đáp.
segment_205|Vâng, bu tôi ngót bát tuần, bệnh nặng lâu nay không thuốc thang nào khỏi.
segment_206|Người đàn bà ngập ngừng mấy giây rồi nói thẳng một câu, làm ông bá lạnh người.
segment_207|Mùng 3, 14, 25, coi chừng nhập quan đấy.
segment_208|Ông bá rùng mình đứng bật dậy.
segment_209|Thưa bà, bà nói thế là có ý gì?
segment_210|Đột nhiên người đàn bà giật thót mình rồi xua tay.
segment_211|Không không.
segment_212|Bà nãy tôi vô tình đi qua căn nhà ấy, thấy cảnh nhà đẹp quá nên đứng lại ngắm ít lâu.
segment_213|Tôi nói xàm đấy, ông đừng để bụng làm gì, tôi xin cáo lui kẻo muộn.
segment_214|Nói rồi, người đàn bà rảo bước chân đi, để lại ông bá với nỗi hoang mang trong tâm trí.
segment_215|Về tới nhà, ông bá đem cuộc tạo ngộ và những câu nói không đầu không đuôi của người đàn bà kia ra kể với vợ.
segment_216|Nghe xong, bà bá cũng cảm thấy đâm lo.
segment_217|Bà lặng người mấy giây, sau đó e rè bảo.
segment_218|Những người bật ra lời nói vô tình như thế thường hay linh ứng lắm.
segment_219|Mùng 3 và 14 đã qua.
segment_220|Hôm nay là 23 rồi mình ạ.
segment_221|Còn hai ngày nữa là tới cái đận 25, tôi sợ...
segment_222|Bà bá bỏ dở câu nói rồi sầu khổ dõi mắt vào trong buồng, nơi mẹ chồng bà đang ngả lưng.
segment_223|Như hiểu được những nỗi lắng lo trong lòng vợ, ông bá cũng lặng người không nói gì.
segment_224|Một lát sau, ông mệt mỏi nhìn vợ rồi bảo.
segment_225|Dù như thế nào thì vợ chồng mình cũng phải chuẩn bị cho tình huống xấu nhất.
segment_226|Cổ nhân đã dạy, sinh có hạn tử bất kỳ, chẳng ai biết trước được điều gì mình ạ.
segment_227|Bà bá ngậm ngùi nhìn chồng, ánh mắt như muốn chia sẻ nỗi buồn trong sâu thẳm.
segment_228|Buông một tiếng thở dài nặng nhọc, ông bá lê thân đứng dậy.
segment_229|Tiến đến bàn thờ, lên cho gia tiên một tuần nhang thơm.
segment_230|Sau đó lại quay trở lại bàn uống nước với cõi lòng chất chứa đầy nỗi niềm tâm sự.
segment_231|Cũng kể từ hôm đó.
segment_232|ông gác lại hết mọi công việc trong ngoài, không đi đâu khỏi nhà, suốt ngày quanh quẩn bên mẹ mình, một bước cũng chẳng rời.
segment_233|Trong thâm tâm ông chỉ cầu mong, lời người đàn bà kia chỉ là chuyện hoang đường, là câu nói vô tình đùa cợt.
segment_234|Ông luôn miệng khấn vái tổ tiên, cầu mong đừng để điềm tang tóc tìm tới gõ cửa nhà mình.
segment_235|Nhưng cũng may từ hôm đó, bà cụ Nhâm dường như tỉnh táo hẳn ra, đã có thể đi lại trong nhà mà chẳng cần con dâu dìu đỡ như mọi bận.
segment_236|Dòng đời đang yên ả trôi là thế, vậy mà tới đúng ngày 25, bà cụ đột nhiên ốm to.
segment_237|Sau bữa cơm chiều đạm bạc, bà cụ than mệt bỏ vào giường, rồi cứ thế lịm dần trong nỗi hoàng kinh của vợ chồng ông bá kiệm.
segment_238|Tin bà cụ sắp lìa đời đồn ra rất nhanh.
segment_239|Hầu hết dân trong làng này đều đã từng chịu ơn cứu tử, thành ra khi vừa nghe tin, người ta đã ùn ùn lớp lang kéo tới.
segment_240|Từ đám chức quyền như cụ Chánh, từ những bậc cao niên như đám hương thân, rồi nam thanh phụ ấu đều kéo tới.
segment_241|Họ đứng đen đặc vòng trong vòng ngoài, có kẻ lại ngồi hẳn ở sân, ánh mắt chất chứa nỗi buồn dõi vào bên trong căn buồng lúc này đã bu kín người.
segment_242|Bên trên chiếc giường với lớp chăn đệm màu đỏ ối, bà cụ Nhâm hai mắt nhắm hờ, mồm hơi há ra, tay đặt trước ngực, kiệt lực như một cái sắc khô chờ bỏ vào hòm đem ra đồng chôn.
segment_243|Quỳ bên cạnh giường, nắm lấy cẳng tay mẹ, đôi mắt ông bà bá kiệm đã rơm rớm nước.
segment_244|Cùng lúc đó, tại căn nhà tranh bên kia làng, Danh và Tái cũng đã nai nịt gọn gàng, chuẩn bị theo một số đồ nghề, châm thêm bó đuốc, thủ thêm con dao bên hông rồi xăm xăm tìm hướng quay trở lại làng.
segment_245|Đêm qua, bên mâm rượu thịt ê hề, sẵn còn hận chuyện ông bá tống cổ mình ra khỏi nhà, kẻ phản phúc như danh đã bàn với tái cùng nhau quay lại nhà ông bá, làm một mẻ thật lớn.
segment_246|Sau đó quyết định bỏ xứ mà đi.
segment_247|Là gia nô thân tín trong nhà, danh rất rành đường đi lối lại.
segment_248|Gã thừa biết những nơi ông bá cất giấu của cải, lại biết cả vị trí hầm ngầm chứa vàng, chỉ cần đánh được một quả chót lọt, gã sẽ bán sới đi ngay.
segment_249|Nghĩ là làm, sau khi cùng nhau vạch ra chi tiết kế hoạch đột nhập và thoát thân.
segment_250|Đêm nay hai gã quyết định sẽ ra tay hành sự.
segment_251|Thời gian lúc ấy đã đổ về đầu giờ tí canh ba.
segment_252|Trên con đường đê heo hút vắng người, danh và tái lầm lũi tiến bước.
segment_253|Cả hai bước đi rất vội, không ai nói với ai tiếng nào.
segment_254|Cảnh vật làng quê chìm trong một màu quạnh quẽ.
segment_255|Ánh trăng thượng huyền trên cao, không hắt ánh sáng nhàn nhạt, soi tỏ hai thân người đổ ập xuống nền đường thành hai cái bóng, kéo dài một khoảng đen thẫm.
segment_256|Đi hết con đường đê, trời đột nhiên đổi sắc, con trăng lẫn trong tầng mây đen và gió bắt đầu lộng hơn.
segment_257|Hai gã đạo trích cũng nhanh chóng rảo bước.
segment_258|Gió ào ào thổi tới từng cơn mạnh hơn ban nãy, vài tia chớp ngoằn ngoèo lóe lên như muốn xé toạc bầu trời đêm đen sẫm.
segment_259|Sắp có mưa lớn rồi, càng thuận lợi cho kế hoạch đêm nay."
segment_260|Danh khẽ lẩm bẩm nói với Tái, không giấu được nỗi thấp khỏi mừng thầm, Tái lẩm bẩm.
segment_261|Nhà lão bá giàu nhất nhì cái tổng này, đêm nay nếu hành sự chót lọt thì chẳng riêng gì đời tao, mà ngay cả đời mày cũng hoàn toàn thay đổi.
segment_262|Tao sẽ bỏ xứ tìm tới tổng Đông Hà, mua nhà tậu trâu, thuê thêm mấy con tớ gái để mặc sức mà sai bảo.
segment_263|Mày sẽ được trả mối hận thù trong lòng và nửa đời sau cũng no cơm ấm cật, tha hồ mà lên mặt với đời.
segment_264|Cả hai rì rầm nói thêm mấy câu, sau đó lại nhanh chân rảo bước.
segment_265|Khi còn cách đầu làng một khoảng, căn nhà của ông bá đã lấp ló hiện ra trong đêm bão ông.
segment_266|Để chắc ăn thì danh dục tái.
segment_267|Dập đuốc đi, mình phải men theo đường tắt, đột nhập từ hướng hậu viện."
segment_268|Tái nhanh tay ném bó đuốc xuống một cái ao hoang bên cạnh đường, rồi lẻn nhanh theo bạn ra đường hậu viên căn nhà.
segment_269|Nhưng đang tính trèo tường đột nhập, bỗng cả hai giật mình khi nghe tiếng có tiếng khóc vỡ hòa vọng ra.
segment_270|Định thần lắng tai nghe, danh lờ mờ đã đoán ra chuyện gì.
segment_271|Là tiếng khóc của vợ chồng lão bá.
segment_272|Chắc con khọm già lăn cổ ra chết rồi, đêm nay không đột nhập được, hẵng rút cho chắc."
segment_273|Tái không can tâm.
segment_274|Biết đâu mày đoán sai thì sao?
segment_275|Hng đợi thêm một lúc nữa xem thế nào, đằng nào cũng cất công sang tận đây rồi."
segment_276|Danh ậm ừ trong họng, sau đó cả hai men theo hàng rào, bò tới chỗ bãi đất hoang gần khoảng sân trên.
segment_277|Mới lắng tai nghe, danh đã khẳng định suy đoán của mình là đúng.
segment_278|Vậy là mẹ ông bá đã chết, chết ngay khi thời gian vừa đổ sang ngày mới tầm hai khắc, nhằm đúng ngày 25 âm lịch.
segment_279|Dù khi còn làm gia nô trong nhà, đã trăm ngàn lần danh được bà cụ chiếu cố, lúc nào cũng coi như con cháu trong nhà, thậm chí ngay khi gã phạm tội tày đình, cũng một tay bà cụ đứng ra xin tha.
segment_280|Vậy nhưng bản tính tham tàn với tâm địa nhỏ nhen ích kỷ, nên đối diện với tin bà cụ vừa lìa đời, gã lại cảm thấy rất hả hê.
segment_281|Bàn tính mấy câu, hai gã đạo trích lại bảo nhau quay về nhà, vì đêm nay không thể hành sự.
segment_282|Trên đường về, danh bàn với Tái, sẽ nhân lúc đám ma hỗn loạn để lẻn vào trộm vàng.
segment_283|Nhưng tái đã cản ngay, dù chính gã cũng đang rất thèm tiền, vì việc làm ấy manh động quá, dù để gia chủ phát giác thì chỉ có nước mà bêu đầu làm gương.
segment_284|Trong khi hai gã còn đang ủ mưu tính kế thì tại nhà ông bá Kiệm, đám ma đượm buồn đã bắt đầu diễn ra.
segment_285|Chưa bao giờ người ta thấy đám ma nào có quy mô và đông người đến cúng điếu đến thế.
segment_286|Có thể nói, bà cụ thân sinh rong bá là một người tốt bụng, sống có tình cảm và vô cùng nhân nghĩa.
segment_287|Trong thôn được lòng rất nhiều người, nên khách khứa đến chia buồn đông hơn ngày đón quan trạng vinh quy.
segment_288|Cỗ bàn bày ra hơn trăm mâm, gia chủ đứng đầu là ông bá, thân mặc áo xô gai, đầu quấn khăn tang trắng cùng vợ con đứng đáp lễ.
segment_289|Vậy mà từ sáng đến tận chiều, đoàn khách đến phân ưu vẫn chưa có dấu hiệu hạ nhiệt.
segment_290|Sau khi quản linh cữu trong nhà đủ năm ngày theo tập tục làng này,
segment_291|đúng chiều ngày thứ sáu tính từ khi bà cụ Nhâm chết, ông thầy cúng mới cho di quan đem ra đồng chôn vì đến giờ hoàng đạo.
segment_292|Trong khi Danh đang say bí tỉ và ngủ vùi tại căn nhà tranh, thì tái vì không cam tâm nên mò sang đám ma một lần nữa.
segment_293|Chẳng khó khăn để gã chen lẫn vào đám đông đang thương tiếc đi tiễn đưa cụ bà ra đồng.
segment_294|Tái trà trộn rất mau lẹ vào đám tang, nhưng không ra mặt công khai, bởi không thân thiết với gia đình người quá cố.
segment_295|Khi đoàn người ra tới nghĩa địa, đặt quan tài cạnh cái huyệt đã đào sẵn, thì gã lảng vảng xa xa để quan sát nhằm xác định vị trí.
segment_296|Là một kẻ cáo giả tâm cơ, tái núp sau một ngôi mộ lớn xây bằng đá cẩm thạch có mộ bia cao, chăm chú theo dõi.
segment_297|Để an toàn hơn, gã còn giả tảng tìm một ngôi mộ cách chỗ đám ma không xa, thắp mấy cây nhang, làm bộ khấn vái y như đang ra viếng mộ cho ngày dỗ của một người thân.
segment_298|Chờ đám người nhà ông bá Kiệm, ném nắm đất tiễn biệt và đội tang lễ hất đất đắp mộ xong.
segment_299|Mày, mày bảo sao? Đào mộ trộm á?"
segment_300|Tái hoảng hốt bịt miệng bạn ra hiệu nhỏ giọng, sau đó mới thì thầm.
segment_301|Nhác thấy đám người làng cũng tản mác đi hết,
segment_302|Có chuyện gì mà gấp gáp thế?"
segment_303|"Ban nãy tao sang làng ấy dò la, thấy người ta kháo nhau, quan tài con mụ ấy táng theo lắm vàng bạc lắm.
segment_304|gã mới yên tâm đứng lên, giáo giác đảo mắt nhìn khắp lượt địa hình, trong đầu đã có một dự tính cay độc.
segment_305|Tái ghé tai danh thì thầm điều gì rất lâu, chỉ thấy danh đột nhiên mở trừng mắt.
segment_306|Tao nghĩ cũng phải, nhà lão bá tiền bạc ức vạn, giàu vô số kể, lão lại có tiếng là đứa con có hiếu, kỳ này á, có mà lão táng theo ối vàng bạc cho mà xem.
segment_307|Dưới lớp da đen sạm, từng đám gân xanh nổi dựng lên như một con rết.
segment_308|Lao nhanh về nhà, tái dựng ngay bạn dậy bằng một giọng đầy hối thúc.
segment_309|Gã thẳng thốt hỏi lại.
segment_310|Dậy, dậy ngay, sắp phát tài rồi."
segment_311|Đầu óc còn quay cuồng vì hơi rượu nặng, Danh nhíu mày rên khe khẽ rồi nói:
segment_312|Không tin cứ chặt cái đầu thằng tái này xuống đất.
segment_313|Nhà nó bây giờ người ta vào ra đông lắm.
segment_314|Nếu đường đó đã không chót lọt thì chi bằng mình cứ khai quan bật quách rồi lột hết của nả đi.
segment_315|Biết đâu lại vớ đẫm chứ chẳng đùa."
segment_316|Sau khi nghe xong kế hoạch quật mả trộm vàng,
segment_317|đắn đo một lúc, danh cũng gật đầu đồng tình.
segment_318|Đêm đó, sau khi chuẩn bị hành trang, hai gã đạo trích đã băng tắt qua cánh đường đồng.
segment_319|Tìm về nghĩa địa làng để đào mộ cuốc mả.
segment_320|Mới vừa đặt chân lên khuôn viên đất thánh thì trời lại bắt đầu mưa rả rích.
segment_321|Cơn mưa tuy không lớn lắm, nhưng cũng khiến không khí nghĩa địa đêm như tăng thêm phần nào heo hút, và gió càng lúc càng thổi mạnh bạo, rít lên như tiếng người than vãn trong đêm trường.
segment_322|Cái lạnh đã bắt đầu ngấm thân, danh và tái rụt cổ trong manh áo mỏng, xốc lại cái sọt đồ nghề, bên trong lỉnh kỉnh một cái xà beng, đôi cuốc sắt, một bình rượu trắng,
segment_323|đoạn xăm xăm tiến lại mả bà cụ theo chỉ dẫn của Tái.
segment_324|Nghĩa trang làng vào lúc ban ngày đã ít người lai vãng, nay nhằm lúc trời tối lại còn mưa gió thì chẳng
segment_325|còn sự xuất hiện của bất cứ ai.
segment_326|Tiếng ếch kêu ồm oạp và ma mị nơi cánh đồng,
segment_327|hòa cùng từng hồi sấm đi đùng, làm hai kẻ cứng bóng vía cũng cảm thấy hơi chờn.
segment_328|Nhưng nghĩ tới số vàng được táng trong mộ,
segment_329|nghĩ tới tương lai giàu sang hiện hữu, nên hai tên này càng thêm phần quyết tâm hơn.
segment_330|Đạp qua hàng loạt ngôi mộ đắp thấp,
segment_331|danh cùng tái xăm xăm rảo bước cùng từng luồng chớp lập lòe rền vang.
segment_332|Khuôn viên nghĩa địa này vốn ẩm thấp vì nằm ở địa thế trũng hơn so với cánh ruộng.
segment_333|Nay lại gặp trời mưa nên bùn lầy đã bắt đầu nhão ra, quấn chặt lấy đôi chân trần đen đúa.
segment_334|Vài lần như thế khiến danh phải dừng lại, giơ chân gạt lên một bia mộ để trôi bớt sình lầy.
segment_335|Riêng tái vì men theo vạt cỏ nên bước đi có chiều mau lẹ hơn.
segment_336|Mất chừng nửa khắc sau, ngôi mả mới đắp của bà cụ nhâm đã hiện ra trước mắt.
segment_337|Mà đất nằm ở một vùng trũng, trên có hàng chục vòng hoa viếng màu trắng đã héo rũ.
segment_338|Nó đây rồi, ngôi mà chôn thay bà già ấy.
segment_339|Đang tính quay lại đưa cho danh, chợt tái giật thót mình, hoảng kinh quay lại khi nghe tiếng rú khe khẽ của bạn.
segment_340|Tái reo lên khe khẽ rồi nhảy tới gần mả đất.
segment_341|mình phải đào thật nhanh, khai quan bật quách thật lẹ,
segment_342|Đưa tay vuốt mặt để đám nước mưa bám trên đó vơi bớt.
segment_343|Tao đã quan sát rồi, mà đất này sâu tầm nửa trượng,
segment_344|vì hôm nay là ngày thất tuần của mụ ấy.
segment_345|Trong khi đó, tái vội vã đổ nhanh sọt đồ nghề ra đất,
segment_346|Danh cũng đã tiến vội lại, đăm đăm nhìn ngôi mộ còn sốc lên hương đất mới.
segment_347|Danh gật đầu đồng tình.
segment_348|Nhà lão bá tất kéo nhau ra cúng tạm mộ từ sớm.
segment_349|Làm đi, lấy đồ nghề ra nhanh lên.
segment_350|nếu đào nhanh cũng phải mất đứt một canh giờ.
segment_351|Xah mét mặt mày, tái hoảng hốt gắt.
segment_352|chộp lấy hai cái cuốc, một cho mình, một cho bạn.
segment_353|Không nhanh kẹo bị phát hiện là toi cơm.
segment_354|Vừa nói, danh vừa đứng dậy kéo mấy vòng hoa ra khỏi ngôi mả để tìm chỗ đào huyệt.
segment_355|Đợi tới sáng còn bốn thời tần nữa,
segment_356|Hạ nhanh cái sọt đồ nghề xuống,
segment_357|tái kéo danh ngồi lại rồi thì thầm.
segment_358|Cái gì thế? Đi đào mộ mà mày gào toáng lên thế, để kéo cả làng ra à?
segment_359|Phập, con rắn độc rít lên, quằn quại trên nền mộ, thân thể đã đứt lìa làm hai sau cú bổ oan nghiệt đó.
segment_360|Nhát bổ cật lực lần này làm đầu con rắn bị nát bét,
segment_361|Nhưng bằng bản tính không kiêng nể điều gì,
segment_362|Vừa nói xong, tái cũng nhận ra một việc kinh hoàng.
segment_363|Bị động, con rắn độc ngóc đầu lên cao, mang bạnh ra bằng bàn tay với tiếng rít phì phì như muốn mổ chết hai kẻ to gan.
segment_364|tái vung ngay cây cuốc, băm bổ thẳng vào thân con rắn độc làm nó đứt đôi.
segment_365|máu tươi ọc ra đỏ ối một khoảng đất lạnh.
segment_366|Ngôi mả của bà cụ chôn tại một khoảng đất rất ẩm áp,
segment_367|Và trong khi danh còn chưa kịp phản ứng thì tái đã băm bổ một lần nữa.
segment_368|trên mộ đắp rất nhiều vòng hoa.
segment_369|Có lẽ đám rắn độc đã mò về chú ngụ, nên khi danh mới kéo được một vòng hoa viếng ra xa,
segment_370|gã đã thất kinh khi nhận ra một con rắn hổ mang thân dài bằng cái đòn gánh đang cuộn mình nằm trên mộ.
segment_371|Cầm xác con rắn trên tay, tái cười khẩy, có thế mà cũng rú lên, còn đòi bật quan trộm bảo.
segment_372|Gã hùng hục xắn từng xẻng đất nhão, bỏ vào thúng rồi nghiến răng chuyển lên.
segment_373|gió cũng bắt đầu vồn vột tốc lên và chớp cũng giật liên hồi không ngớt.
segment_374|Tầm nửa canh giờ trôi qua, cả hai bắt đầu đổi chiến thuật.
segment_375|Cả hai nín thở cắm đầu làm một hơi, tuyệt không thốt lên một tiếng nào như chạy đua với thời gian.
segment_376|Xác định vị trí cần đào, hai gã hít mạnh một hơi, đoạn bắt tay ngay vào công việc.
segment_377|Danh hơi ngượng, song cũng tiếp tục cùng bạn dọn hết đám vòng hoa.
segment_378|Bên trên bờ, danh toàn phắt đổ từng thúng đất sang hai bên rồi lại chuyền ngay xuống dưới và chờ đợi.
segment_379|Tái nhảy hẳn xuống lỗ huyệt cùng một cái xẻng và một cái thúng.
segment_380|Đất bùn gặp nước mưa dính bết vào lưỡi cuốc, làm động tác của hai gã có phần nặng nhọc thêm.
segment_381|Trong thoáng chốc, mả đất đã phơi mình dưới cơn mưa rả rích và từng hồi sấm động liên thanh.
segment_382|Cơn mưa giả rích ban nãy đã có chiều nặng hạt,
segment_383|Hai cái cuốc vung lên cật lực thi nhau bổ xuống, lật từng nắm đất lên rất nhanh.
segment_384|Phải, xắn thêm đất chỗ này rồi lựa thế bật nắp ván tiên nhanh lên.
segment_385|Hai gã phối hợp thoan thoát nên rất nhanh, cái lỗ huyệt hình chữ nhật càng lúc càng được đào sâu hơn.
segment_386|Nghiến răng dồn lực,
segment_387|Đụng nắp hòm rồi hả?
segment_388|đôi bàn tay to bè của tái vẫn cào xoàn xoạt để gạt đám đất nhão nhoét còn bám trên nắp ván.
segment_389|Danh hỏi bằng giọng hơi lạc đi vì hồi hộp.
segment_390|Ở trên bờ, danh cuống cuồng kéo lê cái xả beng nặng chịch, tuồn xuống cho đồng bọn rồi gã cũng lựa thế nhảy xuống.
segment_391|Danh vội vã làm theo,
segment_392|Cắm cái xẻng sang bên cạnh, gã quỳ vội xuống, đưa tay vét đất bùn,
segment_393|chẳng mấy chốc đã xắn thêm được một khoảng đủ để hai gã có thể thoải mái đứng kê xà beng vào.
segment_394|Và đúng như tái đã tính toán,
segment_395|Tái lau nhanh mớ nước mưa đang ướt đẫm mặt mũi rồi gật đầu.
segment_396|đúng một canh giờ sau, tiếng xẻng chạm vào gỗ phát ra tiếng cộp khô khốc, làm gã rú lên khe khẽ.
segment_397|rồi vội đứng dậy gọi.
segment_398|Đụng nắp hòm rồi, đem cái xả ben xuống đây nhanh lên.
segment_399|Qua mấy lần như thế, nắp quan tài đã lộ ra một màu sơn son thiếp vàng còn mới cứng,
segment_400|danh buông cái xà beng, kéo tái ngồi thụp xuống và nín thở chờ đợi.
segment_401|Bởi lẽ, trong một thoáng giây nào đó, cả hai đều nghe thấy tiếng lẹp bẹp như tiếng chân ai đang đạp trên bùn non.
segment_402|Bắt gặp hai thân người ướt như chuột lột, đang ngẩng mặt nhìn mình,
segment_403|Tái cũng đã nhận ra điều gì nên há hốc mồm, đứng chết chân tại chỗ,
segment_404|Vậy nên mới nghe thấy tiếng bước chân dù là rất nhẹ, cả hai đã chết cứng tại trận.
segment_405|dưới ánh chớp sáng rực.
segment_406|Nhưng đúng lúc đó, cả hai chợt nhẹ nhõm thở vào, vì thấy từ trên bờ đất có một con mèo đen thò mặt ngó xuống.
segment_407|Sau khi xác định vị trí, tái lệnh.
segment_408|Giây phút hoảng kinh trôi qua rất nhanh,
segment_409|Nhanh lên, cái xả beng vào đây.
segment_410|Chọn một kẽ hở mà tái đã chỉ điểm,
segment_411|danh bặm môi, nghiến chặt răng, thọc thật sâu đầu dẹp của xà beng vào,
segment_412|nhưng chưa kịp bẩy lên thì bỗng nhiên gã dừng lại, hoảng hốt ngẩng đầu lên trên.
segment_413|mắt trừng trừng nhìn lên trên nền trời lập lòe chớp trắng.
segment_414|Đào trộm mộ đêm là việc làm sinh tử, không cẩn thận có khi là bay đầu.
segment_415|con mèo cũng bất ngờ hoảng kinh, nó cắm đầu bỏ chạy, để lại một tiếng kêu thất thanh đến chói óc.
segment_416|Danh còn đu cả người lên để tăng thêm sức bật.
segment_417|Mẹ tiên sư, con mèo quỷ làm tao hết cả hồn.
segment_418|Cái xà beng nặng nề là thế, nay cong xíu như thân tre.
segment_419|Nhanh lên, lại đây phụ tao, chúng nó đóng đinh chặt quá.
segment_420|Lóp ngóp tiến lại cạnh bạn, cả hai cùng nhau vận sức.
segment_421|Danh cũng mạnh dạn đứng lên, đoạn tiếp tục quay lại công việc bật quan tài còn đang làm dở.
segment_422|Nắm chặt một đầu xà beng, gã nghiến răng dồn lực,
segment_423|quai hàm bạnh ra,
segment_424|nhưng khốn nạn thay, cỗ áo quan quản thây bà cụ làm từ gỗ tốt, đinh đóng rất chặt nên lo hoay mãi cũng không suy chuyển.
segment_425|Tiếng đinh đóng hòm đã bắt đầu rít lên từng tiếng nặng nhọc.
segment_426|Rít, kẹt, rắc rắc.
segment_427|1 2 3
segment_428|Từng cái đinh một bật lên cùng tiếng siết mạnh bạo.
segment_429|Kịch.
segment_430|Đám đinh bị gãy sạch, cuốn theo cái nắp ván thiên bật tung ra.
segment_431|Giữ im đấy.
segment_432|Tái nói như ra lệnh, sau đó thọc cán xẻng vào khe hở để làm chêm.
segment_433|Mùi thối giữa của tử thi đang trong quá trình phân hủy, theo không khí thoát ra ngoài, bốc lên nồng nặc.
segment_434|Sau đó cả hai tiếp tục bênh cây xả beng lên.
segment_435|Tiếng kim loại tiếp tục siết vào thứ gỗ rít lên ken két đến rợn óc.
segment_436|Những chiếc đinh bật ra theo dây chuyền,
segment_437|danh hít một hơi căng lồng ngực, nghiến răng trừng mắt.
segment_438|Ngay lập tức, hai gã đào mộ buông cây xả beng, quay mặt đi để tránh thứ mùi lợm giọng đó.
segment_439|Mùi thịt người chết mấy ngày khác xa với những động vật khác.
segment_440|Nó quyện đặc dư vị ngai ngái của thịt ươn,
segment_441|hôi hám của máu mủ, khối khắm của phân và nước tiểu, lại trộn lẫn hương gỗ mới và mùi tanh tanh của bùn non,
segment_442|tạo thành một thứ dư vị cực kỳ tởm lợm.
segment_443|Dù đã cố gắng bịt chặt mũi mồm, nhưng cả hai vẫn nôn ói ồng ộc.
segment_444|Trong làn nước mắt,
segment_445|tái thều thào nói trong cảm giác kinh hồn.
segment_446|Lên, lên lên bờ đã, chờ cho mùi này bớt đi rồi mò vàng cũng không muộn.
segment_447|Mò đi, mò luôn tái ơi.
segment_448|Xé nhanh manh áo quấn quanh mồm miệng, một mảnh đưa cho bạn.
segment_449|Để người nhà lão bá ra đây bây giờ bắt gặp chúng mình thì có bị phanh thây ra mất.
segment_450|Dù cơ bụng đang quặn lên từng cơn sau khi nôn ra mật xanh mật vàng,
segment_451|thậm chí hơn lúc nào hết, danh cũng muốn thoát ngay khỏi lỗ huyệt này,
segment_452|nhưng vì đang sống chết chạy đua với thời gian, gã vẫn bấu chặt tay bạn rồi nói.
segment_453|Không được, chờ mùi tan hết thì có mặt tới sáng.
segment_454|Cảm giác tởm lợm không ngừng dâng lên, nhưng tái vẫn đủ tỉnh táo để thấy lời bạn nói có lý.
segment_455|Danh bắt đầu dùng sức để đẩy nắp ván thiên sang một bên.
segment_456|Sấm vẫn đánh đùng đoàng, mưa vẫn rào rào rơi và chớp vẫn soi rọi xuống lỗ huyệt.
segment_457|Và ngay khi nắp ván rơi ra, danh đã đối diện với gương mặt người chết.
segment_458|Dưới làn mưa ầm ầm và từng luồng sáng trắng xanh,
segment_459|xác của bà cụ Nhâm đã lộ rõ mồn một.
segment_460|Danh vội quay đi vì không muốn đối diện với cảnh tượng tang thương ấy.
segment_461|Quan tài bà cụ Nhâm mới hạ thổ sáng nay,
segment_462|nhưng vì mả đất nằm sát bờ ruộng,
segment_463|
segment_464|lại nằm ở vùng trũng,
segment_465|thêm việc mưa lớn đang ầm ầm trút xuống,
segment_466|vậy nên xác thân quấn vải liệm đã bị nước ngập vào lưng lửng.
segment_467|Giờ này nhìn cái xác dập rềnh nằm đó, chẳng riêng gì danh mà kẻ to gan như tái cũng cảm thấy hơi chờn.
segment_468|Sáu ngày quản trong nhà để tổ chức tang ma, nên cái xác bà cụ đã bắt đầu trương phình lên, đôi chỗ da thịt cũng bắt đầu phân hủy.
segment_469|Máu mủ và mỡ người gặp nước mưa lan ra, tạo thành một lớp váng màu vàng nhạt.
segment_470|Mùi hôi thối tởm lợm hòa cùng nước mưa quyện đặc vào mũi, làm hai gã đào mộ gập người ói mửa lần hai.
segment_471|Qua cơn lợm giọng, cả hai bắt đầu mò mẫm tìm vàng.
segment_472|Ban đầu danh đề nghị lôi xác bà cụ nhâm ra để tiện cho việc mò mẫm.
segment_473|Nhưng danh cản lại ngay vì lòng huyệt chật chội quá.
segment_474|Cực chẳng đã, cả hai cứ áp sát mặt vào xác chết.
segment_475|Thọc tay xuống lần mò.
segment_476|Thứ nước dịch của máu mỡ bám lấy cẳng tay, cảm giác nhớp nháp làm cả hai khẽ ớn óc.
segment_477|Và đúng như tái đã nghe ngóng, bên dưới cái xác nổi lềnh phềnh chứa cơ man, nào là châu báu.
segment_478|Từng nắm vòng ngọc được vớt lên, bốn cái hũ sành nặng nề nơi đáy quan tài cũng được tái đem đặt ngay cạnh hòm.
segment_479|Thêm hai cái hũ khác để hai bên hông và một hũ cũng đầy ắp bằng khối kê ở dưới đầu bà cụ.
segment_480|Từng hũ vàng lần lượt được móc lên, tiếng nước rơi rào rào trong niềm hân hoan của hai gã trộm mộ.
segment_481|Sau khi chắc rằng toàn bộ của báu đã được moi lên,
segment_482|Tái dục danh tức tốc leo lên bờ.
segment_483|Nhưng đột nhiên, danh khựng lại vì sực nhớ ra một điều.
segment_484|Khoan đã!
segment_485|Con gọng già này khi sống thường đeo một chuỗi vòng ngọc.
segment_486|Tao nghe nói chuỗi vòng ấy làm từ thứ ngọc đế vương và có giá trị liên thành.
segment_487|Sinh thời mụ già nâng niu nó như báu vật.
segment_488|Cái nào chết mà người nhà chả chôn theo.
segment_489|Mày lên trên bờ, lấy cho tao con dao xuống đây.
segment_490|Đoạt được cái vòng đó thì số của báu này chẳng đáng một xu.
segment_491|Tái gật đầu, lựa thế bám lấy thành huyệt rồi nhảy phắt lên trên bờ.
segment_492|Lát sau nhảy xuống cùng một con dao sắc lẹ.
segment_493|Đón lấy con dao từ tay bạn.
segment_494|Danh ngồi xổm, một tay giữ chặt cái xác đang lềnh phềnh.
segment_495|Tay kia thoăn thoắt rạch lớp vải liệm đã ướt đẫm.
segment_496|Nhưng chẳng biết vội vã thế nào, hay do tiếng sét đánh xuống đinh tai mà gã sảy chân lộn cổ vào trong lòng quan tài, bất ngờ đè lên xác chết.
segment_497|Máu mỡ của thây ma dính bết lên người, và trong cơn hoảng loạn vùng vẫy, danh vô tình nuốt vào vài ngụm chất dịch chứa đầy váng mỡ đó vào trong bụng.
segment_498|Hắn kinh hãi bật lên, gập bụng, móc họng, đoạn lấy hết sức bình sinh mà bò lết lên khỏi lỗ huyệt.
segment_499|Lao nhanh tới khoảng ruộng gần đó, danh lăn lộn trong đám nước đọng lại tại vũng trâu đầm, cốt để cho cái thứ máu mỡ đó trôi đi.
segment_500|Ở dưới huyệt mộ, tái vì tham lam nên vội ngồi xuống, dùng tay trần xé toạc lớp vải liệm và thọc tay lần mò, nhưng mò mãi chẳng thấy cái vòng ngọc đâu.
segment_501|Bực mình, gã bám lấy bờ đất.
segment_502|Thấy danh toàn thân ướt đẫm sình lầy, đang lóp ngóp tiến lại.
segment_503|Tái gọi giật giọng.
segment_504|Nhanh lên, phụ tao chuyển vàng lên, không thấy cái vòng ngọc đâu cả.
segment_505|Danh lết lại gần rồi yếu ớt đồng tình, bắt đầu đón lấy từng hũ vàng mà tái đang chuyển lên.
segment_506|Chuyển xong ngũ vàng cuối cùng, tái lựa thế bám lấy thành huyệt rồi dồn hết hơi tàn, định nhảy phắt lên.
segment_507|Nhưng vừa thò đầu khỏi hố huyệt, chợt một tiếng cộp vang lên rất to.
segment_508|Ngay lập tức tái rú lớn, ngã vật ra sau.
segment_509|Nằm lọt thỏm vào lòng quan tài.
segment_510|Cơn đau từ đỉnh đầu nhanh chóng lăn ra, khiến tứ chi gã vô lực và
segment_511|từ vị trí nơi vết đau khởi nguồn đó, có một dòng máu tươi không ngừng ộc ra.
segment_512|Tái ú ớ méo hết mồm miệng.
segment_513|Hoảng kinh khi thấy danh đã đứng trên bờ đất, trong tay là một hòn đá còn thấm máu đào.
segment_514|Bằng chút sức lực cuối cùng, tái khiếp đảm rú lên.
segment_515|Mày, mày.
segment_516|Trên bờ đất, danh bật cười sằng sặc, ném nhanh hòn đá xuống, danh chồm tới gần huyệt mộ và nở một nụ cười khả ố.
segment_517|Đồ ngu, làm chó gì có cái vòng ngọc nào?
segment_518|Phải rồi, là tao lừa mày đấy.
segment_519|Có thế thì tao mới thoát thân an toàn, rồi đứng đây phục sẵn chứ.
segment_520|Tao đã từng bảo bao lần rằng trước sau gì mày cũng chết vì tham mà mày không nghe tao.
segment_521|Thôi nhá, xin vĩnh biệt.
segment_522|Mày chết rồi thì bí mật này mới không ai hay.
segment_523|Yên tâm, ngày này năm sau, tao sẽ đốt vàng mã cho mày đầy đủ.
segment_524|Ngay sau tràng cười lạnh gáy đó, danh bắt đầu hùng hục xúc đất.
segment_525|Từng xẻng đất thấm đẫm nước mưa nặng nề được hất xuống.
segment_526|Nhát đập oan nghiệt ban nãy làm cho tái không thể động cựa, mồm miệng méo hẳn đi trong nỗi hoảng kinh tột cùng.
segment_527|Tái cứ nằm đè lên cái xác, trừng mắt nhìn cảnh bạn thân đang bị chôn sống trong bất lực.
segment_528|Một canh giờ trôi qua, huyệt mộ của bà cụ nhâm đã được lấp lại y như cũ.
segment_529|Cẩn thận hơn, danh còn kéo từng vòng hoa viếng xếp lại mộ huyệt.
segment_530|Sau đó thu gom đồ nghề, bỏ cả mấy hũ vàng vào sọt, rồi tìm đường tắt quay trở lại căn nhà nơi triền đê.
segment_531|Tắm táp xong xuôi, thấy thời gian đã đổ về đầu canh năm.
segment_532|Danh không chậm chân, đem hết vàng vọt cho vào trong một cái bọc vải.
segment_533|Đoạn tháo dây cột đò, xuôi dòng bỏ đi xứ khác.
segment_534|Tới hạ nguồn sông, thấy đã cách làng cũ cả mấy trăm dặm, danh mới yên tâm trong lòng.
segment_535|Nhưng bản tính là một con cáo già gian manh, gã tiếp tục mua một con ngựa, rong ruổi thêm nửa tháng trời, tới tận cổng chiêm định rồi mới tìm tới một ngôi làng nọ.
segment_536|Sau khi giới thiệu mình là một thương buôn muốn về đây để mua đất tậu trâu, xin làm con dân trong làng.
segment_537|Lại thấy số tiền danh đem ra biếu xén lớn quá, vậy nên tay chánh tổng làng ấy đã gật đầu cho gã nhập sổ Đinh với tên họ hoàn toàn mới là Lý Văn Củ.
segment_538|Yên ổn ở làng mới, danh bắt đầu mua đất dựng nhà, cơ ngơi năm gian to cao đồ sộ, tường rào đá ong, mái ngói tường vôi làm ai nấy đều thèm thuồng.
segment_539|Sau khi an cư, danh tiếp tục mua thêm năm mẫu đất.
segment_540|Trong nhà mướn hẳn tám đầy tớ, bắt đầu sống những ngày tháng thảnh thơi.
segment_541|Cũng kể từ khi nhập sổ điền làng này, gã bỏ hẳn thói cờ bạc như muốn đoạn tuyệt với quá khứ tối tăm.
segment_542|Từ một kẻ tâm cơ xảo huyệt, nay danh như lột xác thành một người khác, với vỏ bọc hoàn hảo là một ông bá hiền lương đôn hậu.
segment_543|Nhưng ngày vui ngắn chẳng tầy gang.
segment_544|Đúng 100 ngày từ sau đêm quật mả đó.
segment_545|Những chuyện kinh hoàng đã bắt đầu tìm về và đáng sợ hơn là xuất hiện ngay lúc trời còn chiều tà chứ chưa tối hẳn.
segment_546|Từ dạo về làng này nhập cư, danh trong thân phận mới là củ, luôn tỏ ra là một người biết trước biết sau, kính trên nhường dưới.
segment_547|Thêm việc gia sản kếch xù, tiền bạc nhiều vạn bội, thành ra trong làng ít nhiều gã cũng gầy dựng được chút danh tiếng.
segment_548|Cũng vì lẽ đó nên trong những buổi họp làng, gã đều được ngồi chung mâm với đám chánh tổng, luận bàn thế sự, bày góp ý kiến cho làng.
segment_549|Chiều hôm đó, khi thời gian đã đổ về đầu giờ dậu, dáng Tà dương còn quét một màu u buồn xuống khoảng sân gạch trước sân đình.
segment_550|Cũng là lúc gã cùng đám hương thân chia tay nhau ai về nhà nấy.
segment_551|Một mình chống ba to đi trên con đường đất, Danh Dương Dương tự đắc, nghĩ tới buổi hẹn hò tối nay với cô đào hát mà gã mới làm quen.
segment_552|Đang ê a hát mấy câu sẩm trong họng.
segment_553|Đột nhiên gã giật mình ngoái lại khi nghe có tiếng ai đó gọi tên mình.
segment_554|Mà là gọi một tiếng.
segment_555|Thanh âm ấy cất lên sâu thẳm, nhẹ như gió thoảng và ngân dài trong chiều buồn.
segment_556|Danh ơi.
segment_557|Theo phản xạ tự nhiên, gã quay ngoắt đầu lại, nhìn ra sau lưng, gã chẳng thấy có bóng dáng ai.
segment_558|Chỉ có con đường đất đỏ ngập trong dáng chiều tà và hai lũy tre im lìm rũ bóng nối dài tới tận cổng làng.
segment_559|Danh định thần một lúc rồi lẩm bẩm.
segment_560|Làm gì có ai ở sau lưng?
segment_561|Chẳng lẽ là mình nghe nhầm?
segment_562|Quái lạ thật.
segment_563|Nghĩ vậy nên gã đã quay người tiếp tục cất bước trở về nhà.
segment_564|Nhưng vừa quay mặt lại, gã chợt giật mình khi thấy một người dáng dấp tàn tạ, bộ dạng hệt như đám khất dân với tấm lưng hơi còng và mái tóc bạc rối bù còn nhỏ nước tong tỏng.
segment_565|Như vừa mới ngã ở sông lên.
segment_566|Kẻ ăn mày ấy đang đi theo hướng ngược lại với gã.
segment_567|Mới thấy người ăn mày này, danh đã cảm thấy hơi rờn rợn.
segment_568|Tấm thân gầy nhẳng, quần áo rách rưới, hằn rõ những đường cào dọc ngang.
segment_569|Đã vậy, trên bộ áo màu cháo lòng mà kẻ ăn mày này đang mặc, còn loang lổ những vệt sâu sậm như màu máu khô.
segment_570|Nhưng hơn hết, người ăn mày này đem lại cho gã một cảm giác gì đó rất kỳ quái, vừa lạ mà vừa quen.
segment_571|Trong thoáng giây nào đó, danh cảm tưởng gã đang đối diện với một linh hồn bị đọa đầy chứ chẳng phải là người sống.
segment_572|Giây phút giật mình đi qua, danh rợ bước tiến qua người ăn mày và giây phút đó gã mới cảm thấy lợm giọng vì một thứ mùi tanh tanh thối khắm sộc tới.
segment_573|Danh đưa tay bịt mũi, cố gắng đi thật nhanh để xua đi thứ mùi ám khí đó.
segment_574|Nhưng ngay khi vừa bước qua, gã chợt rùng mình vì cảm giác có cơn gió lạnh từ đâu thốc tới.
segment_575|Cơn gió xoáy vào gáy gã, đem theo làn hơi lạnh buốt như một bàn tay ma quái luồn vào cơ thể.
segment_576|Gái ốc toàn thân nổi lên.
segment_577|Gã hoảng hốt quay đầu lại, nhưng vẫn chỉ thấy người ăn mày lê lết những bước chân nặng nề.
segment_578|nề trên con đường vắng.
segment_579|Danh cứ thất sắc đứng nhìn theo, mãi cho tới khi cái bóng lưng còng còng kia phất sau một khúc cua, gã mới quay người cất bước.
segment_580|Nhưng vừa bước được hai bước, gã lại nhăn mặt bịt mũi, cúi xuống nhìn và nhận ra đôi giày vải mới mua với giá ba đồng bạc đang đạp lên một bãi phân trâu.
segment_581|Bực mình buông một tiếng chửi thề, gã lê chân tiến lại một khoảng ao gần đó tính gột rửa.
segment_582|Nhưng mới tiến sát đến bờ ao, một lần nữa, gã lại bị thu hút bởi một tiếng động lạ.
segment_583|Thanh âm lõm bõm như có người đang bơi dưới ao, ngay lập tức khiến gã phải ngẩng đầu lên.
segment_584|Bên kia bờ ao có một cây si um tùm cành lá, ba phần trùm ra mặt ao và dưới gốc si có một ngôi miếu thờ âm đã lạnh hương vơi lửa.
segment_585|Ngay khi vừa dõi mắt sang bên ấy, gã nhận ra tiếng đạp nước từ đó vang lên.
segment_586|Nhưng trên mặt ao không hề có làn sóng nào, dù là nhỏ nhất.
segment_587|Nhưng cũng gần như ngay lập tức, gã chợt cả kinh há hốc mồm, ngã ngồi ra sau khi thấy bóng dáng của kẻ ăn mày ban nãy đã đứng lù lù ở đó từ bao giờ.
segment_588|Con sen buông chổi, ngẩng mặt lên nhìn chủ.
segment_589|Ông ơi, ông làm sao thế? Sao mặt mày của ông tái mét thế kia, hay là ông trúng gió rồi? Mùa này lắm gió độc lắm ạ.
segment_590|Sau lưng kẻ ăn mày này còn một bóng người khác, dáng dấp nom rất quen, thân thể cũng rách dưới, đứng trong tư thế gục đầu, im lìm như một cái bóng.
segment_591|Người ăn mày chầm chậm giơ cánh tay khô gầy, hướng về phía gã rồi vẫy vẫy.
segment_592|Đối diện với tình cảnh này, một cỗ cảm giác rùng rợn chợt giấy lên trong tâm khảm.
segment_593|Danh lùi dần lùi dần lên trên con đường đất, rồi cứ thế rảo chân tiến thẳng về nhà, không dám cả quay lại sau.
segment_594|Về tới nhà, gã đẩy cổng và đi vội vào trong.
segment_595|Thấy con sen đang quét sân, gã tháo vội đôi giày, ném cho nó rồi bảo.
segment_596|Sen ơi, mày pha cho tao một ấm trà, pha thật đặc vào.
segment_597|Thấy nét mặt gã biến sắc xanh sao, đôi mắt không giấu được nỗi kinh sợ, khác xa với vẻ điềm đạm thường ngày, con sen thấy lạ vội hỏi.
segment_598|Danh ậm ờ xua tay.
segment_599|Dáng chiều tà cuối cùng cũng đã biến mất, bóng đêm từ hướng dãy núi trước nhà đã non men tìm tới, phủ đến từng đám cây cối trong nhà, họa lên một khung cảnh tranh tối tranh sáng vô cùng ảm đạm.
segment_600|Tao có gió máy gì đâu, bảo mày đi pha trà thì mày pha nhanh lên, còn đứng đó mà ý kiến gì.
segment_601|Con Sen líu díu vâng dạ, cầm theo đôi giày dơ bẩn và đi nhanh xuống bếp.
segment_602|Còn lại một mình, danh đi vội lên nhà trên, hạ mình ngồi xuống sập, trong đầu cứ bần thần nghĩ tới hình ảnh quái đản ban nãy.
segment_603|Ngồi bần thần một lúc, danh mới đứng lên, rậm bước tính tiến vào buồng kiếm cái tẩu thuốc.
segment_604|Nhưng vừa bước chân qua cửa buồng, gã chợt hoảng kinh nhìn xuống.
segment_605|Trong chút ánh sáng le lói cuối cùng còn sót lại, gã khiếp đảm khi thấy mình đang đạp lên nửa thân trên của một con rắn hổ mang.
segment_606|Hình ảnh này gợi nhớ đến nửa con rắn đã bị tái chặt đứt đôi trên mả của bà cụ nhâmm cách đây đúng 100 ngày.
segment_607|Và trong khi gã còn đang á khẩu vì sợ thì bất thình lình, con rắn vặn mình, phùng mang há mồm.
segment_608|Bập một phát vào chân gã.
segment_609|Danh hoảng hốt rú lên, ngã ngửa ra sau, hai chân đạp loạn xạ rồi bò lết ra ngoài cùng tiếng kêu cứu thất thanh.
segment_610|Ở dưới bếp nghe tiếng la như cắt tiết của chủ, con sen hoảng hốt lao lên, thấy chủ mình đang bò lết ra ngoài cửa, con sen khiếp đảm rìu chủ lên, mặt biến sắc hỏi.
segment_611|Ôi ôi, ông ơi, ông làm sao thế này?"
segment_612|Danh bấu chặt lấy tay con sen, cuống quýt trỏ tay vào cẳng chân mình rồi nói đến lạc giọng.
segment_613|Cựu cựu cựu cứu tao, có rắn độc cắn tao, cứu tao."
segment_614|Con Sen nghệt mặt nhìn vào cẳng chân không một vết thương của ông chủ, rồi ngơ ngác hỏi.
segment_615|"Ông ơi, làm gì có vết rắn cắn nào? Hay là ông bị quáng gà nhìn nhầm?"
segment_616|Danh hoảng kinh trỏ tay vào trong buồng, nói trong hơi thở hổn hển.
segment_617|Nó nó nó nó nó nó ở cửa buồng."
segment_618|Con sen buông chủ, cẩn trọng tiến lại xem, trong khi danh tái mặt giơ cẳng chân lên trước mắt mình nhìn kỹ, nhưng quả thật, gã ú ớ cứng họng khi thấy lời con sen nói không sai.
segment_619|Danh xua tay cho nó lui, rồi lại tần thờ ngồi nhìn ra sân.
segment_620|Ngồi được mặt một lúc trong gian nhà im ắng.
segment_621|Trên cẳng chân không hề có vết răng cắn nào, và trong khi gã còn đang bần thần hồ nghi thì con sen đã trở ra, trên tay là một đoạn dây thừng.
segment_622|Nó chỉa đoạn dây lại trước mặt gã rồi bảo.
segment_623|Bẩm ông, con đã xăm soi hết trong buồng rồi, chẳng có con rắn nào cả, có mỗi một đoạn dây từng này thôi, chắc là ông nhìn gà hóa cuốc rồi đấy ạ."
segment_624|Danh hồn hển đứng dậy, run run bảo, "
segment_625|Mẹ kiếp, đem đốt nó đi, làm tao tưởng mình vỡ tim chết rồi."
segment_626|Con xen vâng dạ, đem sợi dây thừng xuống bếp, lát sau bưng lên một ấm trà đặc sánh.
segment_627|Rót xong cho chủ một bát, con sen xin phép đi nấu cơm.
segment_628|Con trăng đã dần lên, màn trời đã chuyển sang sắc đen sẫm và đám gia nô cũng đã ng trâu về lại nhà.
segment_629|Danh mới đứng dậy khêu đèn.
segment_630|Đêm nay gã cảm thấy có thứ gì đó rất lạ, cứ quấn lấy thân mình như một cái bóng lẽo đẽo theo sau.
segment_631|Bóng nó vừa khuất sau hông nhà, danh mới mệt nhọc ngẩng mặt lên nhìn trời.
segment_632|Vậy nên có bao nhiêu đèn dầu, gã đều vặn to hết cỡ.
segment_633|Nhưng trong thoáng chốc, giác quan thứ sáu mách bảo gã, có ai đó cứ đứng ở hông nhà nhìn mình đăm đăm.
segment_634|Được một lúc, mâm rượu thịt ê hề cũng được dọn lên.
segment_635|Nhưng đêm nay, tâm trí danh còn mãi suy nghĩ về chuyện khác nên chỉ đụng đũa đôi ba gắp, gã đã bỏ dở.
segment_636|Gọi con sen lên trên nhà dọn mâm, danh mệt nhọc tiến ra khoảng sân trước nhà.
segment_637|Hạ mình ngồi xuống cái trõng tre kê sát hò non bộ.
segment_638|Con sen bưng mâm cơm ra, thấy thịt cá còn nguyên, nó e rẻ hỏi,
segment_639|Ông ơi, ông cho chúng con mâm cơm này nhé, đổ đi uổng phí quá."
segment_640|Danh ậm ừ xua tay cho nó lui, nhưng đột nhiên gã lại dục.
segment_641|Mày bảo thằng kha, nó đi đóng kỹ cổng cửa cho tao.
segment_642|Độ này trộm cắp nhiều lắm, cẩn thận vẫn không thừa đâu."
segment_643|Con Sen vâng dạ gật đầu, rồi hí hửng bê mâm cơm xuống nhà ngang.
segment_644|Trong đầu, Đinh Ninh con sen có việc gì định hỏi, danh lên giọng kẻ cả theo thói quen.
segment_645|Mày bảo thằng kha đi đóng lại cổng cửa cho tao chưa, còn đứng đấy mà làm gì?"
segment_646|Không nghe tiếng đáp lại, danh tính quay lại quát con sen, bỗng dưng gã giật mình vì chẳng thấy có ai.
segment_647|Hoảng hông nhà im ắng vắng phắc, chỉ có tiếng gió xe sắt từ vườn sau mang theo âm hưởng rợn người hồi sộc về.
segment_648|Danh hồ nghi trong lòng,
segment_649|đưa tay bóp chán như để trấn an bản thân.
segment_650|Nhưng vừa gục mặt nhìn xuống gầm trõng thì hỡi ôi, danh lại giật bắn mình khi nghe tiếng rên hừ hừ như người cảm mạo và có cả tiếng khóc rưng rức vang lên.
segment_651|Danh chưa kịp định thần thì một cảnh tượng kinh hoàng đập trọn vẹn vào nhãn quan.
segment_652|Vì từ dưới gầm trõng có một gương mặt trắng nhợt, đôi mắt khép hờ và khoang miệng hơi há đang chầm chậm thò ra, đối diện thẳng với gã.
segment_653|Danh cả kinh bật ngửa khỏi trõng, cuống cuồng kinh hãi dụi mắt nhìn lại, thì bóng người nằm dưới gầm trõng đã biến mất và tiếng khóc ngằn ngặt mới vừa cất lên cũng im luôn.
segment_654|Lãng chẳng hiểu sự gì, nhưng vẫn vâng dạ làm theo lời chủ.
segment_655|Chỉ còn lại khoảng sân gạch im ắng trong sắc trăng đêm.
segment_656|Đả kích vừa giờ làm gã đâm hoảng loạn.
segment_657|Gã chạy tọt xuống nhà ngang, gọi ngay một thằng zaô đang ngồi ăn cơm trong đó.
segment_658|Lãng đâu, đêm nay mày lên trên nhà ngủ canh cho tao."
segment_659|Lãng đang bốc nắm thịt tọng vào họng, nghe thấy thế thì ngơ ngác nhìn chủ.
segment_660|Mấy đứa đầy tớ cũng e rèn nhìn nhau, vì trước nay danh không cho phép zaô bén mảng vào trong nhà, trừ lúc dọn mâm hay là quét tước.
segment_661|Lãng nhồm nhoàm nhai, trợn trựa nuốt vội rồi quẹt miệng hỏi.
segment_662|Bẩm ông, đợi con ăn xong mâm cơm rồi con xin lên canh ngay ạ."
segment_663|Danh nói trong nỗi hoảng kinh khi mồ hôi đã túa ra, ướt đẫm cái áo cánh mỏng.
segment_664|"Cơm cháo gì hết, bỏ đấy lên nhà với tao."
segment_665|Nhớ kêu thêm một cái đuốc và đốt thật sáng, nhanh lên."
segment_666|Đêm nay có đứa zaô thân cận bên cạnh mình, danh mới cảm thấy yên tâm phần nào.
segment_667|Thời gian cứ thế nặng nề trôi qua.
segment_668|Bên trong buồng, Danh đã leo lên giường nằm, trong khi lãng trải chiếu nằm ngay dưới đất theo lệnh chủ.
segment_669|Này, mày bảo trên đời này có ma không?"
segment_670|Bó đuốc trong buồng mới được tầm thêm dầu hôi nên vẫn ngùn ngụt cháy, soi tỏ không một góc chết.
segment_671|Nằm rì rầm nói chuyện một lúc, danh buột miệng hỏi.
segment_672|Lãng suy tư mấy giây rồi gãi đầu.
segment_673|Con thất học từ bé nhưng cũng biết có ma đấy ông ạ.
segment_674|Trời đất có tối thì phải có sáng, có âm thì phải có dương, có người thì tất phải có ma.
segment_675|Ông đồ làng mình vẫn hay giảng như thế, nhưng con thấy bảo ma chỉ hiện ra nhát người, chứ chưa nghe thấy ma giết hại ai bao giờ."
segment_676|Danh ậm ừ gật đầu, đến lúc này gã đã thầm nhận ra hồn ma của bà cụ nhâmm đã đội mồ tìm về với mình.
segment_677|Nếu lời thằng za nô là đúng thì có thể vong ma ấy chỉ hiện ra trêu ghẹo, chứ chẳng thể làm hại.
segment_678|Dẫu thế thì danh vẫn cảm thấy dùng mình ớn lạnh.
segment_679|Dù trong lòng đã nhen nhóm cảm giác bất an, song gã vẫn nói cứng.
segment_680|Tao thì trước giờ không tin có ma.
segment_681|Cũng chưa từng gặp ma bao giờ.
segment_682|nếu như lời mày nói là đúng thì phải làm gì để xu ma đuổi quỷ?"
segment_683|Lãng ngồi bật dậy, tựa lưng vào vách, đoạn tỏ ra am hiểu tiếp lời.
segment_684|"Con nghe bảo ma quỷ sợ nhất là máu chó, tỏi tươi, cành dâu hay là nước giải trẻ con không ạ?"
segment_685|Thường nhà nào có nạn ma quỷ quấy quả, người ta thường treo cành dâu, bỏ tỏi dưới gối hay là dưới máu chó mực hoặc là nước tiểu trẻ con cạnh nhà.
segment_686|Ma quỷ thấy những thứ này có mà chạy xa cả trượng, cũng chả biết thực hư thế nào.
segment_687|Ranh ồ lên rồi trầm tư suy ngẫm.
segment_688|Suốt đêm đó, hai chủ tớ rì rầm trò chuyện, để rồi sáng hôm sau, cả hai cùng lăn ra ngủ.
segment_689|Ngay khi vừa tỉnh giấc, Ranh đã cho con tớ gái ra chợ mua về một sâu tỏi.
segment_690|Ra sau vườn bẻ cho gã một nắm cành dâu, lại mua cả máu chó mực để dưới quanh đất.
segment_691|Gã hy vọng những thứ này có thể xua đuổi vong ma, đừng để hiện ra thêm một lần nào nữa.
segment_692|Yên ổn trôi qua một tuần trăng.
segment_693|Quả đúng như lời thằng lãng nói, những sự việc kinh hoàng đã thôi tìm về.
segment_694|Ranh lại có thể quay lại nếp sinh hoạt như xưa.
segment_695|Vậy mà, đúng đêm trăng ngày 14 âm lịch tháng 10, gã lại gặp ma.
segment_696|Nhưng đợi một lúc cũng không nghe thấy gì.
segment_697|Lần này cảm giác kinh hoàng như được nhân lên vạn bội.
segment_698|Đêm đó, gã đã đưa một ả ca nương về nhà để ăn ngủ.
segment_699|Sau một hồi hùng hục đắm chìm trong sắc dục.
segment_700|Ranh khoác tạm bộ đồ lụa, tiến ra ngoài nhà, định tìm nước uống để giải cơn khát.
segment_701|Nốc xong cốc nước, rít xong bi thuốc, ranh rậm bước tiến vào trong buồng.
segment_702|Nhưng mới vén mùng định chui vào, chợt gã giật bắn mình khi nghe ba tiếng gõ cửa dồn dập vọng tới tai.
segment_703|Cộc cộc cộc.
segment_704|Ranh thu mình lại rồi lặng người nghe xem có đúng là có tiếng gõ hay không?
segment_705|Bên trên giường, ả ca nương vẫn đang ở trần, khiêm thiết trong giấc ngủ.
segment_706|Ranh chép miệng tính rm lại mùng màn thì tiếng gõ cửa lại tiếp tục vang lên như chiêu ngươi.
segment_707|Ranh bò vội xuống giường, vừa tiến ra cửa chính vừa lèm bèm.
segment_708|Đứa nào đấy? Đứa nào mà đêm hôm gọi cửa thế?
segment_709|"Ông gọi chúng con có gì sai bảo ạ?"
segment_710|Trong thâm tâm gã yên trí là đám người ở nửa đêm tìm gặp có việc gì gấp.
segment_711|Bằng một giọng hồ nghi, ranh gặng hỏi.
segment_712|"Bà nãy chúng mày có đứa nào lên gõ cửa tìm tao không?"
segment_713|Nghĩ vậy, gã tiến lại, tháo cái the cửa gỗ rồi nhẹ nhàng mở cửa.
segment_714|Đám đầy tớ mắt nhắm mắt mở, ngơ ngác nhìn nhau rồi đồng thanh hô ứng.
segment_715|Tiếng bản lề khô dầu rỉ sét, kêu lên kèn kẹt.
segment_716|Ranh bước hẳn ra hàng hiên, mở to mắt nhìn xa xa.
segment_717|Dĩ nhiên không thấy ai.
segment_718|Sương vẫn dày đặc trong không gian mờ tối vì ánh trăng trung tuần, tám phần đang lẫn trong tầng tầng lớp lớp mây đen.
segment_719|"Quái lạ, rõ ràng có tiếng gõ cửa mà nhỉ?"
segment_720|Ranh lẩm bẩm một mình, sau đó mạnh dạn bước hẳn ra.
segment_721|Đứng lại một lúc ở ngoài sân cũng không thấy động tĩnh gì.
segment_722|Sinh nghi, gã mới đi nhanh xuống dãy nhà ngang, nơi đám gia nô ngày thường ăn ở sinh hoạt và gọi.
segment_723|Mấy đứa đầy tớ đang trải chiếu nằm ngủ dưới đất.
segment_724|Nghe thấy tiếng chủ thì vội vàng tỉnh dậy.
segment_725|Một gã mau mồm.
segment_726|"Dạ bẩm không ạ."
segment_727|Ranh căn vặn.
segment_728|Thấy đám gia nô nhất mực gật đầu.
segment_729|"Có chắc không?"
segment_730|Bà bếp gật đầu xác nhận.
segment_731|Ranh cũng vội quay lên nhà trên cùng một cảm giác bất an nhen nhóm trong tâm khảm.
segment_732|"Bẩm ông, con đi nằm nhưng kỳ thật còn đương thức, chắc chắn chúng nó chưa có ai rời khỏi nhà ngang ra ngoài.
segment_733|Mà con có nghe thấy tiếng gì đâu ạ?
segment_734|Hay là ông mơ ngủ tưởng tượng ra?"
segment_735|Ranh bần thần trong dòng suy nghĩ.
segment_736|Rõ ràng chính tai gã đã nghe thấy tiếng gõ.
segment_737|Không phải một mà tận hai lần thì nhầm làm sao?
segment_738|Dẫu thế thì gã vẫn đánh trống lảng.
segment_739|"Ừ, tao chỉ hỏi thế thôi.
segment_740|Cổng cửa chúng mày cài the kỹ rồi hả?"
segment_741|Đi vội lên nhà trên.
segment_742|Còn đang bần thần suy ngẫm thì đột nhiên có tiếng phành phạch như tiếng đập cánh từ đám cây xoài trước cổng vang lên, thu hút sự chú ý của gã.
segment_743|Ranh đứng khựng lại, căng mắt nhìn xuyên qua màn sương mờ, mất độ 10 nhịp thở sau, gã mới nhận ra.
segment_744|Có một con cú mèo từ lúc nào đã bay tới, đậu trên cành xoài chìa vào trong vườn.
segment_745|Rùng mình nhớ tới con rắn trên mặt đất hôm nào, ranh khiếp đảm đi giật lùi, tính chạy tót vào nhà, nhưng mới tới cửa chính, gã chợt lạnh sống lưng khi nghe bên trong nhà có tiếng rít thuốc lào xoành xoạch.
segment_746|Con cú tung mình vỗ cánh lên cao, bay vụt qua đầu gã và thả xuống một thứ gì ngoằn ngoèo, nằm quằn quại trên sân.
segment_747|Như sợ gã không phát hiện ra, con cú mèo vỗ cánh bay sát tới hòn non bộ, nghển cổ gào lên ba tiếng eng éc rất chói tai.
segment_748|Giữa đêm trường tĩnh mịch, tiếng cú mèo gào lên ai oán.
segment_749|Làm gã khẽ bùn rủn chân tay.
segment_750|Rút nhanh một chiếc guốc dưới chân, gã nhắm con cú mèo rồi ném mạnh.
segment_751|Lấy hết can đảm tiến lại gần.
segment_752|Ngay lập tức toàn thân gã nổi dựng gai ốc khi nhận ra thứ vật ấy chính là nửa thân dưới của một con rắn hổ còn tươi nguyên.
segment_753|Cùng với đó, có tiếng rócc rách như ai đó đang ngồi rót trà.
segment_754|Lấy hết can đảm ghé mắt vào trong, gã ú ớ thất kinh khi thấy một bóng người, toàn thân lấm lem bùn đất, mặc bộ đồ tối màu.
segment_755|Thành ra tiếng rú chỉ bật ra vô lực.
segment_756|đang ngồi lù lù ở bàn uống nước, quay lưng vào hướng gã.
segment_757|Ranh ú ớ cứng họng, vô tình khiến cánh cửa hé ra lớn hơn.
segment_758|Tiếng kẹt ngân dài của bản lề làm kinh động kẻ kia, khiến ngay lập tức cái đầu bắt đầu cử động.
segment_759|Và ngay khi đối diện với thân ảnh đó, Ranh đã đái ướt đẫm quần vì nhận ra gương mặt người chết đang ngồi trong nhà mình, không ai khác ngoài tái, kẻ đã bị gã đập cho toác đầu và chôn sống cách đây gần 4 tháng.
segment_760|Tái ngồi đó trong màn sương mới vừa bủa vây, ngước đôi mắt trắng dã nhìn ranh.
segment_761|Theo mỗi nhịp bập bẹ của đôi môi, từng đám giòi bọ và run đất không ngừng túa ra từng búi, rơi lã trã đầy mặt bàn.
segment_762|Ranh khiếp đảm rú lên trong nỗi kinh sợ, nhưng cổ họng như bị ai đó bóp chặt.
segment_763|Đúng lúc đó, hồn ma của tái biến mất.
segment_764|Màn sương trắng cũng tan đi như chưa từng xuất hiện và ngọn đèn dầu tưởng như sắp tắt, nay lại sáng rực lên.
segment_765|Nhưng ngay lúc đó, chợt danh cảm nhận rõ có ba giọt nước rơi vào trán gã.
segment_766|Theo phản xạ tự nhiên, gã run rẩy giơ tay quệt và đưa lại gần đôi mắt đang lạc thần.
segment_767|Ngay khi vừa thấy, gã lập tức gập người ói mửa vì thứ chất lòng ấy dính nhớp nháp và bốc mùi hôi thối tởm lợm.
segment_768|Tứ chi đã nhũn ra như cọng bún.
segment_769|Tâm thần hoảng loạn trong nỗi kinh hãi mơ hồ.
segment_770|Ranh ú ớ ngửa cổ lên, chỉ trong một giây, mặt gã tái xanh, mồm há ra tưởng như xệ cả quai hàm.
segment_771|Vì trên thanh xà gồ nơi hàng hiên, cách chỗ gã đứng chỉ mấy thước, xác bà cụ nhâmm đang treo lơ lửng trên đó như một con rơi.
segment_772|Hai chân bà cụ quắp chặt xà gồ, làm cái xác lộn ngược đầu, khuôn mặt phù vũng ngửa lên đối diện mặt gã.
segment_773|Từ hai hốc mắt với hai con ngươi đang lồi tướng, đùn ra cơ man, nào là giòi bọ.
segment_774|Và từ thân thể phù vũng đó, từng đám dịch nhầy nhụa khẽ rớt ra, bắn cả vào miệng gã.
segment_775|Ranh kinh hãi hét lên rồi bật dậy.
segment_776|Hai mắt đảo như rang lạc, mồ hôi túa ra, ướt đẫm tấm áo trẽn.
segment_777|Gã co rúm trong góc giường rồi hổn hển nhận ra chỉ là giấc mơ.
segment_778|Nhưng giấc mơ thật đến nỗi, gã vẫn nghe thoang thoảng mùi hôi thối còn vương trong không khí và căn buồng đêm nay như chìm trong cõi chết.
segment_779|Tiếng hét lớn đến thế mà ả ca nương vẫn trùm chăn ngủ như không hề nghe thấy.
segment_780|Quá hoảng sợ, ranh nhào tới nằm rúc vào thị, toàn thân run lên bần bật.
segment_781|Gã choàng tay ôm thị, cố gắng tìm kiếm chút an ủi cho trái tim đang quặn đau sau cơn ác mộng kinh hoàng.
segment_782|Nhưng đột nhiên, gã ú ớ rụt tay vì cảm nhận thân thể ả ta mềm nhũn như sợi bún, lại rữa nát như mít rớt.
segment_783|Cứ nhớp nháp như bùn non và bốc mùi thối khắm.
segment_784|Quá hoảng sợ, ranh đạp mạnh vào thân thể ấy rồi ngồi co rúm.
segment_785|Hai tay vò chặt đầu tóc.
segment_786|Có tiếng cười khùng khục vang lên trong đêm đen.
segment_787|Lại có cả tiếng khóc ai oán vọng về.
segment_788|Lẫn trong đó lại có tiếng rắc nặng nề vang lên.
segment_789|Tiếng cú mèo kêu eng éc bên ngoài màn đêm kéo danh choàng tỉnh lần hai.
segment_790|Gã vẫn thấy mình đang nằm trên giường, bên cạnh ả ca nương vẫn ôm quắp lấy gã với tấm thân lõa lồ.
segment_791|Ranh thở hổn hển, mặt đã tái xanh sau chuỗi ác mộng kinh hoàng.
segment_792|Gã khoác vội tấm áo, đi vội ra ngoài rồi ngồi thất sắc ở hàng hiên.
segment_793|Đôi mắt không giấu được nỗi kinh hoàng, đăm đăm nhìn ra khoảng không gian mờ sương trước mặt.
segment_794|Tiếng cú mèo vẫn văng vẳng gần xa như cố tình trêu ghẹo gã trong đêm ma ám.
segment_795|Nhưng còn chưa kịp hoàn hồn thì bỗng gã hoàng kinh khi nghe những tiếng răng rắc vang lên.
segment_796|Những tiếng ấy lúc đầu còn nhỏ, dần dần mỗi lúc một lớn hơn và gã khiếp kinh khi nhận ra đó là tiếng đinh gãy.
segment_797|Hệt như tiếng động lúc gã cùng tái dùng xà beng để bảy quan tài để khai quan.
segment_798|Và trong khi gã còn đang há hốc mồm vì sợ thì trong màn xương có hai thân ảnh lò dò đi vào.
segment_799|Hai cái bóng lúc tỏ lúc mờ, thân dạng tàn tạ với làn da trắng xanh đó.
segment_800|Không ai khác ngoài bà cụ Nhâm và thằng tái.
segment_801|Chỉ trong thoáng chốc, màn xương như dày lên, bủa vây lấy thân thể danh và như có một sức mạnh vô hình túm lấy cẳng chân gã lôi thật mạnh.
segment_802|Trong thoáng chốc, màn xương như tan đi, chỉ mười nhịp thở đã biến mất.
segment_803|Để lại danh lúc này chỉ là một cái xác vô hồn, nằm chết vẹo cổ, mặt mũi vặn vẹo, mắt mở trừng trừng, lạc thần lạc vía.
segment_804|Và trong khoang miệng gã còn đút nút một nắm đất bùn màu nâu, thứ đất chỉ có ở nghĩa địa làng, nơi mộ bà cụ Nhâm đã được xây gạch rất lớn.
segment_805|Quý vị và các bạn thân mến, có những cái giá phải trả không thể dùng tiền bạc để chuộc lại.
segment_806|Có những tội lỗi không chỉ bị phán xét ở nhân gian mà còn bị báo ứng bởi quỷ thần.
segment_807|Khi con người để lòng tham che mờ mắt, khi đạo đức bị chôn vùi dưới lớp đất lạnh, thì đó cũng là lúc số phận đã an bài.
segment_808|Một đêm mưa tăm tối, hai kẻ đào trộm mộ với hy vọng đổi đời, nhưng đâu ngờ chính tay chúng đã đào mồ chôn mình.
segment_809|Không ai có thể trốn thoát khỏi nghiệp báo, ác giả, ác báo, reo nhân nào gặt quả nấy, luật trời không chừa một ai.
segment_810|Câu chuyện đã khép lại, nhưng bài học vẫn còn vang vọng mãi, mong rằng sau khi nghe xong, mỗi chúng ta sẽ thấu hiểu sâu sắc hơn về luật nhân quả và đạo lý ở đời.
segment_811|Cảm ơn quý vị đã nghe truyện và đừng quên để lại một lượt like, chia sẻ và đăng ký kênh để ủng hộ kênh truyện cũng như toàn bộ ekip thực hiện truyện quý vị nhé.
segment_812|Sự ủng hộ của quý vị chính là động lực để kênh truyện mang đến nhiều câu chuyện hấp dẫn hơn.
segment_813|Còn bây giờ, Quỳnh Lam xin kính chào và hẹn gặp lại quý vị ở những câu chuyện tiếp theo.
segment_814|Hi, xin mến chào tất cả các bạn.
segment_815|Chào mừng các bạn đã quay trở lại với Better Version, kênh chia sẻ kiến thức phát triển toàn diện bản thân qua các cuốn sách hay.
segment_816|Bạn có công nhận với mình điều này hay không?
segment_817|Tình yêu là thứ vừa gần gũi nhất, cũng vừa xa vời nhất, vừa trừu tượng mà cũng vừa hiện thực.
segment_818|Chúng ta tôn thờ tình yêu và cũng sụp đổ vì yêu.
segment_819|Chúng ta trân quý tình yêu và cũng nghi ngờ tình yêu.
segment_820|Chúng ta cố gắng làm chủ tình yêu và cũng bị tình yêu đánh bại.
segment_821|Từ xưa đến nay muôn vàn câu hỏi thắc mắc về tình yêu chưa bao giờ ngừng nghỉ.
segment_822|Nếu bạn vẫn còn đang gặp rắc rối và tổn thương khi yêu.
segment_823|Nếu bạn vẫn còn đang hỏi làm thế nào trên con đường gắn kết với người khác, bạn có thể có một tình yêu bền lâu với một người nhưng không đánh mất chính mình và rốt cuộc thế nào mới là tình yêu đích thực.
segment_824|Thì bạn có thể tìm được câu trả lời trong cuốn sách kinh điển của nhà tâm lý học, xã hội học, triết gia nhân văn nổi tiếng người Mỹ gốc Đức Erich From, một trong những người đại diện của trường phái phân tâm học mới, trường phái văn hóa xã hội.
segment_825|Cuốn sách này mang tên nghệ thuật yêu.
segment_826|Nó là một sự kết hợp giữa triết học và tâm lý học, được coi là một trong những chuyên luận lý thuyết nổi tiếng về tình yêu.
segment_827|Nó được dịch ra 32 thứ tiếng, tuy xuất bản vào năm 1957 nhưng đến tận ngày nay nó vẫn có ảnh hưởng sâu sắc và giúp cho hàng triệu con người hiểu rõ bản chất của tình yêu.
segment_828|Nhiều người cho rằng muốn yêu thực lòng là phải đầu tư về thể chất và tinh thần.
segment_829|Nhưng tác giả Form tin rằng tình yêu không phải là thứ xúc cảm chỉ có vậy, mà còn đòi hỏi sự nỗ lực phát triển và thể hiện toàn bộ nhân cách của một người.
segment_830|Nếu một người muốn có tình yêu thực sự thì phải nỗ lực phát triển toàn diện nhân cách của mình và không ngừng thay đổi bản thân theo hướng tự giác ngộ.
segment_831|Với ông, tình yêu là một nghệ thuật.
segment_832|Tình yêu là một loại năng lực.
segment_833|Và ngày hôm nay, Better Vision sẽ đưa bạn khám phá nắm bắt loại năng lực nghệ thuật này và tìm hiểu bản chất thực sự của tình yêu là gì.
segment_834|Mong rằng cuốn sách này sẽ giúp bạn thoát khỏi những tổn thương trong tình yêu, giúp bạn có tư duy nền tảng để hiểu rõ bản thân, giải quyết những hiểu lầm, trở nên mạnh mẽ, làm chủ tình yêu và có một cuộc sống thực sự hạnh phúc.
segment_835|Rồi, bây giờ xin mời các bạn cùng lắng nghe.
segment_836|Tại sao bạn lại thất bại khi yêu?
segment_837|Tình yêu xảy ra mọi lúc, mọi nơi.
segment_838|Có người đang yêu, có người sắp yêu.
segment_839|Số còn lại dành thời gian để nói về tình yêu, chờ đợi tình yêu hoặc tránh xa tình yêu.
segment_840|Không biết từ bao giờ, cái câu anh yêu em, em yêu anh đã trở thành một lời nói có thể dễ dàng thốt ra.
segment_841|Một câu nói rất phổ biến và đơn giản.
segment_842|Chúng ta có đủ can đảm để bắt đầu yêu nhưng lại không có đủ kiên trì để tồn tại mãi mãi.
segment_843|Trong sách có một câu như thế này.
segment_844|Trong xã hội hiện đại, chúng ta gần như không thể tìm thấy bất kỳ một hoạt động hoặc doanh nghiệp nào giống như tình yêu.
segment_845|Bắt đầu bằng một kỳ vọng và hy vọng lớn lao như thế nào, nhưng lại thất bại một cách đều đặn.
segment_846|Có nghĩa là gì? Nghĩa là bất cứ hoạt động thu lại lợi nhuận nào cũng đều có thể thành công hơn tình yêu.
segment_847|Điều này cũng bắt đầu giải thích cho việc tại sao thời đại bây giờ tình yêu lại dễ dàng xảy ra nhưng lại thường xuyên thất bại như vậy.
segment_848|Trước hết, bởi vì trong xã hội hiện đại ngày nay, toàn bộ nền văn hóa đều được xây dựng trên quan niệm tiêu dùng và trao đổi đôi bên cùng có lợi, mối quan hệ tình cảm giữa con người cũng được tuân theo những nguyên tắc cơ bản giống như là thị trường hàng hóa và lao động.
segment_849|Điều thứ hai đó là chúng ta đã sai ngay trong bước bắt đầu để yêu.
segment_850|Có một ví dụ như thế này, nhiều người được hỏi, sao bạn vẫn chưa yêu? Thì hầu hết sẽ trả lời vì tôi chưa gặp đúng người, gặp được rồi thì tự khắc tôi sẽ yêu.
segment_851|Nhưng tác giả From cho rằng suy nghĩ này thật buồn cười, bởi vì không thể nói lý do bạn chưa biết vẽ là vì bạn chưa nhìn thấy những thứ mình muốn vẽ.
segment_852|Mọi người luôn nghĩ mình phải gặp được đúng người thì mới có thể yêu thực sự.
segment_853|Không phải là do tôi không có khả năng yêu, mà là vì biển người quá rộng lớn, người phù hợp vẫn chưa xuất hiện hoặc cuộc tình, hôn nhân không hạnh phúc là do gặp phải người không phù hợp nên tôi chia tay.
segment_854|Đằng sau suy nghĩ này có nghĩa là vấn đề tình yêu luôn nằm ở đối tượng, người mà mình sẽ yêu và yêu.
segment_855|chứ không phải là do khả năng yêu của bạn.
segment_856|Nhưng đó là một quan niệm sai lầm.
segment_857|Bởi vì bạn chưa biết vẽ là vì bạn chưa học vẽ.
segment_858|Bạn chưa biết yêu, bạn chưa có được một tình yêu thực sự là vì bạn chưa học cách yêu.
segment_859|Vấn đề không bao giờ nằm ở đối tượng mà nằm ở khả năng của chính bạn.
segment_860|Lý do thứ ba đó là chính bởi vì tình yêu ở thời hiện đại tập trung vào đối tượng và xây dựng trên giá trị vật chất nên mọi người thường coi tình yêu là đi tìm lời giải đáp cho câu hỏi làm thế nào để được yêu.
segment_861|Vì vậy, hầu hết mọi người đều cố gắng hết sức để giành được tình yêu của người khác thay vì cố gắng yêu thương người đó.
segment_862|Chúng ta thông qua việc tham chiếu vào người khác, coi tình yêu như một mối đầu tư đôi bên cùng có lợi.
segment_863|Mỗi khi đề cập đến tình yêu, chúng ta tự động liên kết nó với rất nhiều các tiêu chuẩn nhằm để nâng cao chỉ số được yêu của mình như là làm sao để có hình ảnh đẹp hơn, sở hữu nhiều tài sản hơn, chức vị cao hơn, có sức ảnh hưởng hơn, vân vân.
segment_864|Mọi mặt mọi người khao khát tình yêu nhưng đồng thời coi trọng những thứ khác như thành tựu, địa vị, danh vọng và quyền lực hơn cả tình yêu.
segment_865|nên phần lớn cuộc đời đã sử dụng hầu hết năng lượng của mình để đạt được những mục
segment_866|mục tiêu trên và rất ít người dành thời gian để học cách yêu.
segment_867|Đây chính là tất cả những hiểu lầm điển hình khiến một người gặp thất bại trong tình yêu.
segment_868|Chính vì thế, From cho rằng tình yêu là nghệ thuật, chỉ khi bạn hiểu ra tình yêu là nghệ thuật, bạn mới có thể thực sự yêu.
segment_869|Vậy tại sao lại là nghệ thuật? Bởi vì quá trình học bất kỳ môn nghệ thuật nào cũng được chia thành hai khía cạnh.
segment_870|Một mặt là nắm vững lý thuyết về nghệ thuật đó, mặt khác là làm quen với việc thực hành nghệ thuật và thực tiễn.
segment_871|Tình yêu cũng như vậy, nó cũng có một hệ thống gồm ba bước.
segment_872|Đầu tiên đó là phải nắm vững lý thuyết của nghệ thuật đó.
segment_873|Tức là chúng ta cần phải hiểu lý thuyết về tình yêu, bao gồm tình yêu là gì? Tình yêu được tạo ra như thế nào? Một tình yêu trưởng thành là như thế nào và cách để nhận biết tình yêu đích thực ra sao?
segment_874|Bước thứ hai đó là thực hành nghệ thuật, tức là áp dụng lý thuyết vào cuộc sống.
segment_875|Và bước số ba, khiến cho nghệ thuật trở nên tinh tế.
segment_876|Khi bạn thay đổi tư duy rằng tình yêu là nghệ thuật thì bằng niềm đam mê nghệ thuật thuần túy mà không mang bất kỳ mục đích nào bên ngoài, bạn phát triển năng lực trong tình yêu bằng cách nắm vững lý thuyết, áp dụng và khiến nó trở nên tinh tế thì con đường tình yêu sẽ không còn đầy những trông gai và thương tích nữa.
segment_877|Tình yêu không trưởng thành là tôi cần em nên tôi yêu em.
segment_878|Nếu bạn cũng có một trong những hiểu lầm ở trên thì có thể bạn đang tự nhận mình là người thụ động.
segment_879|From nói rằng tình yêu không trưởng thành là anh cần em nên anh yêu em.
segment_880|Đây là một sự thụ động điển hình, tình yêu thực sự là một hành vi đặc biệt tích cực.
segment_881|Nhưng mà bạn đã định nghĩa như thế nào là một hành vi tích cực?
segment_882|Bạn có nghĩ một người làm việc vắt kiệt sức mình cả ngày cả đêm vì muốn kiếm được nhiều tiền hơn nữa thì đây có phải là hành vi tích cực hay không?
segment_883|Câu trả lời là không.
segment_884|Sự tích cực mà người này thể hiện thực chất lại là một loại tiêu cực, một người làm việc vì tiền, về cơ bản là một người đau khổ.
segment_885|Một người muốn yêu là vì cần một ai đó kề cạnh bên mình, về cơ bản cũng là đau khổ.
segment_886|From nhấn mạnh rằng tình yêu trưởng thành là anh yêu em nên anh cần em.
segment_887|Khi bạn là người chủ động yêu, chủ động cho đi hơn là nhận về.
segment_888|Yêu là cho đi, một đạo lý mà có lẽ bạn đã nghe quá nhiều lần, nhưng không phải ai cũng có thể hiểu đúng và thực hiện được nó.
segment_889|Vậy thế nào mới thực sự là cho đi?
segment_890|Nhiều người lầm tưởng rằng cho đi có nghĩa là hy sinh hay từ bỏ một điều gì đó của bản thân để đáp ứng cho người khác.
segment_891|Chẳng hạn như bậc cha mẹ sẽ nói rằng họ đã từ bỏ công việc, các hoạt động giải trí để đồng hành cùng con cái, từ đó yêu cầu con mình phải đạt được những mục tiêu mà họ đề ra.
segment_892|Đây không phải là cho đi mà được coi là nhân danh tình yêu để kiểm soát người khác.
segment_893|Trên thực tế, cho đi là nhận ra mình mạnh mẽ, phong phú và có năng lực.
segment_894|Cho đi giúp bạn nâng cao sức sống và khiến cho bản thân cảm thấy hạnh phúc hơn.
segment_895|Nhiều người phàn nàn rằng họ đã cho đi rất nhiều, tại sao người đó vẫn không thực sự yêu tôi?
segment_896|Đây cũng không phải là cho đi.
segment_897|Bởi trong hành động cho đi, điều người ta nếm được, tận hưởng thấy đó là hạnh phúc và niềm vui, chứ không phải là sự oán hận.
segment_898|Cho hạnh phúc hơn nhiều so với nhận, bởi cho không phải là mất đi hay từ bỏ, trái lại là nhận được nhiều hơn.
segment_899|Bởi giá trị tồn tại của chúng ta nằm ở hành động cho đi.
segment_900|Một số người còn hiểu cho đi đơn giản là cho vật chất.
segment_901|Họ tin rằng phải trở nên giàu có, kiếm nhiều tiền hơn để có một cuộc sống chất lượng hơn, cho con cái có điều kiện học hành tốt hơn, đó chính là yêu.
segment_902|Thế nhưng họ không thực sự hiểu được ý nghĩa của giàu có.
segment_903|Người giàu có thực sự không có nghĩa là người có nhiều của cải, mà là người có thể rộng rãi cho đi.
segment_904|Một người suốt ngày lo lắng về việc được mất hoặc tính toán so đo thì thực ra anh ta có bao nhiêu của cải đi nữa cũng vẫn là một người nghèo.
segment_905|Ai có thể thực sự hiểu được chữ cho đi, người đó mới thực sự giàu có.
segment_906|Việc cho đi quan trọng nhất không phải là cho đi tiền của mà là sự cống hiến trong trải nghiệm một đời người.
segment_907|Một người có thể cống hiến được cho người khác điều gì?
segment_908|Bạn có thể nghĩ đó là cống hiến những gì quý giá nhất, cống hiến bản thân và cống hiến toàn bộ cuộc đời mình.
segment_909|Suy nghĩ này lại dẫn dắt bạn trở về với sự lầm tưởng, cho đi là hy sinh tất cả sinh mệnh của mình cho người đó.
segment_910|Cống hiến thực sự là đem những gì tràn trề sức sống nhất ở bạn dành cho người khác, đó mới là cho đi.
segment_911|Ví dụ như là niềm vui, sự quan tâm, bao dung, thấu hiểu, sự hiểu biết, kiến thức, sự hài hước, vân vân.
segment_912|Đây là một quá trình mà khi yêu cho phép bạn làm phong phú cuộc sống của người bên cạnh.
segment_913|Chính nhờ cho đi mà tôi có thể trải nghiệm được sức mạnh, sự phong phú và sức sống của mình.
segment_914|Trải nghiệm sự thăng hoa của sức sống khiến tôi ngập tràn niềm vui.
segment_915|Chính vì thế, chỉ khi bạn có thể cải thiện sức sống của bạn thì mới có thể nâng cao sức sống cho người mình yêu.
segment_916|Chỉ khi tự thân bạn phong phú, bạn mới thực sự có thể cho đi.
segment_917|Vậy thì xin hãy tự hỏi, bây giờ bạn có tràn trề năng lượng sống không?
segment_918|Bạn có phong phú thực sự không?
segment_919|Người sẵn sàng cho đi phần lớn là những người đầy đủ và giàu có ở bên trong.
segment_920|Điều này không có nghĩa là một người đang thiếu thốn trong thực tế không thể cho đi.
segment_921|Chúng ta có thể làm giàu cho mình ngay từ việc bắt đầu cho đi.
segment_922|Trong quá trình này, bạn tiếp tục khám phá sức mạnh và
segment_923|là sử dụng sức sống đầy khuynh hướng sáng tạo để cho đi và giúp đỡ người khác.
segment_924|cho đến khi bạn đứng trước thế giới với sự tự tin rằng đây là tôi, là sức mạnh của tôi.
segment_925|Hóa ra tôi không hề thiếu thốn, tôi cho đi mà không mong đợi nhận lại bất cứ điều gì.
segment_926|Nhưng chắc chắn nó lại mang lại cho tôi những điều tuyệt vời.
segment_927|Đây có lẽ là điều thú vị nhất trong quá trình cho đi.
segment_928|Người cho đi thực sự sẽ được nhận về bởi niềm hạnh phúc mà chúng ta mang đến cho người khác sẽ lần lượt tác động đến bạn và khiến bạn cảm thấy hạnh phúc hơn.
segment_929|Khi cho đi, chúng ta sẽ tìm thấy chính mình.
segment_930|Vì vậy, quá trình cho đi có nghĩa là lấy yêu làm nền tảng để tạo nên tình yêu.
segment_931|Nếu bạn không biết yêu thì không thể tạo nên tình yêu.
segment_932|Nếu bạn muốn tận hưởng nghệ thuật, trước tiên bạn cần phải là một người tu luyện được nghệ thuật.
segment_933|Nếu bạn muốn yêu, trước tiên bạn phải là tình yêu.
segment_934|Nếu bạn muốn cảm hóa người khác và duy trì một tình yêu thực sự bền lâu, bạn cần phải có khả năng cổ vũ và thúc đẩy người mình yêu tiến bộ đi lên.
segment_935|Ngược lại, nếu trong khi yêu bạn không thể khiến đối phương yêu bạn, tức không thúc đẩy bạn tiến bộ mà bạn đang thụt lùi đi, đang tiêu hao bản thân, đang suy nghĩ tiêu cực trong mối quan hệ đó thì rất có thể tình yêu của bạn đang không có sức sống.
segment_936|Trong tình yêu, nếu một người sợ cống hiến bản thân, họ cũng sẽ sợ yêu.
segment_937|Tình yêu là một thứ phát triển bên trong tâm hồn chúng ta, là biểu hiện cao nhất của sức mạnh.
segment_938|Tình yêu thực sự là để khơi gợi sức sống của đối phương, là sự tự nguyện cống hiến và ảnh hưởng tích cực chứ không phải là mong muốn đòi hỏi hay nhận được gì từ đối phương.
segment_939|Cách nhận biết một tình yêu đích thực.
segment_940|Chúng ta đã đi bước đầu để nắm bắt lý thuyết nghệ thuật yêu.
segment_941|Vậy tiếp theo hãy cùng xem như thế nào mới là một tình yêu đích thực.
segment_942|Sở dĩ mọi người không có một tình yêu đích thực, thậm chí có người cả đời cũng chưa được một lần yêu thực sự.
segment_943|Đó là bởi vì họ không phân biệt được giữa tình yêu và mối quan hệ cộng sinh.
segment_944|Mối quan hệ cộng sinh là gì?
segment_945|Điển hình nhất có thể kể đến quan hệ giữa mẹ và phô thai.
segment_946|Khi còn là một thai nhi, chúng ta là một bộ phận trên cơ thể mẹ và có được cảm giác an toàn là dựa vào mẹ.
segment_947|Đồng thời cũng vì sự tồn tại của thai nhi, một người phụ nữ với trách nhiệm bảo vệ con mình đã thăng hoa lên làm mẹ.
segment_948|Đây chính là mối quan hệ cộng sinh về thể xác.
segment_949|Nhưng sự cộng sinh về mặt tâm lý sẽ luôn có cả tích cực lẫn tiêu cực.
segment_950|Sự tiêu cực ám chỉ, bào thai sẽ phải dựa vào cơ thể mẹ để tự bảo vệ mình nhằm thoát khỏi nỗi cô đơn, nếu không sẽ không thể tồn tại.
segment_951|Cũng giống như những đứa trẻ được cha mẹ sắp đặt từ khi còn nhỏ cho đến khi trưởng thành, mọi quyết định đều do cha mẹ đưa ra.
segment_952|Ngoài ra, một người không biết yêu thực sự, hầu hết là người chưa phát triển nhân cách một cách hoàn chỉnh.
segment_953|Chúng không bao giờ có ý kiến độc lập, không bao giờ dám mạo hiểm mà chỉ nghe theo mệnh lệnh.
segment_954|Mặc dù chúng nhìn bề ngoài có vẻ không hề cô đơn và luôn có cha mẹ bên cạnh, nhưng thực chất lại không phải là một người hoàn chỉnh, bởi vì chúng không thể độc lập.
segment_955|Trong mối quan hệ cộng sinh, những người thích kiểm soát quen với việc biến con cái thành một phần của mình để thoát khỏi sự cô đơn.
segment_956|Họ không thể đánh mất con mình, nếu mất đi giống như là mất hết toàn bộ sức mạnh của cuộc sống vậy.
segment_957|Loại mối quan hệ cộng sinh này có thể được tìm thấy ở khắp mọi nơi trong cuộc sống hàng ngày, nhưng nó luôn được ngụy trang dưới dạng tình yêu trước mắt chúng ta.
segment_958|Mọi sự kiểm soát và phụ thuộc nhân danh tình yêu đều không phải là tình yêu thực sự.
segment_959|Bởi cả hai bên đều đã đánh mất sự độc lập của chính mình.
segment_960|Theo thuyết phân tâm học, khi còn là một đứa trẻ, bạn được trải nghiệm tình yêu vô điều kiện của mẹ.
segment_961|Tình yêu của mẹ là một phước lành và một sự bình an, nhưng tình mẫu tử vô điều kiện cũng có khuyết điểm của nó.
segment_962|Đây là kiểu tình yêu mà bạn không cần nỗ lực cũng có được.
segment_963|Đồng thời nếu sống thiếu thốn tình yêu như thế này, bạn sẽ trở nên trống rỗng.
segment_964|Nếu tình yêu của mẹ là vô điều kiện thì tình yêu của cha là có điều kiện.
segment_965|Vai trò của người mẹ là mang lại cho con cảm giác an toàn trong cuộc sống.
segment_966|Người cha rất có thể yêu đứa con giống mình, khiến mình cảm thấy hài lòng nhất.
segment_967|Còn nhiệm vụ của người cha là hướng dẫn con đối mặt với khó khăn mà con sẽ gặp phải.
segment_968|Nguyên tắc yêu thương của cha là, bố yêu con là vì con đáp ứng được những yêu cầu của bố.
segment_969|Vì vậy, các bà mẹ nên tin tưởng vào cuộc sống và không nên truyền cho con mình cảm giác sợ hãi, bất an.
segment_970|Vì con làm tròn bổn phận của mình và vì con giống bố.
segment_971|Với loại tình yêu này, bạn chỉ có thể có được bằng sự chăm chỉ.
segment_972|Nếu không, khi phụ lòng mong đợi của cha mình, bạn sẽ đánh mất tình yêu thương của cha.
segment_973|Tình yêu của cha cũng có mặt tích cực của nó, nó khiến một người có quyền kiểm soát và nỗ lực nhiều hơn.
segment_974|Một đứa trẻ khi sinh ra cần sự yêu thương và chăm sóc vô điều kiện từ mẹ, cả về thể chất lẫn tinh thần.
segment_975|Bằng việc cho con học cách tự lập và cuối cùng tách khỏi mình.
segment_976|Còn người cha cần phải bao dung, nhẫn nại và không bạo lực.
segment_977|Tình yêu của người cha phải làm cho con cái ngày càng tự tin hơn, cuối cùng giúp con có thể làm chủ chính mình và thoát khỏi sự kiểm soát của cha mẹ.
segment_978|Từ việc ảnh hưởng của gia đình nguyên sinh, một người trưởng thành đáng lẽ phải phát triển nhân cách của cả cha lẫn mẹ mới có thể biết cách yêu.
segment_979|Nếu một người chỉ phát huy được nhân cách của người cha thì khi trưởng thành sẽ trở nên rất nghiêm khắc, đòi hỏi cao, xét nét trong tình yêu.
segment_980|Còn nếu một người chỉ phát huy được nhân cách của mẹ.
segment_981|người đó sẽ dễ mất khả năng phán đoán, luôn cố gắng lấy lòng người khác, cản trở sự phát triển của chính mình và của cả đối phương.
segment_982|Vậy, tình yêu trưởng thành thực sự như thế nào?
segment_983|From cho rằng tình yêu đích thực thường chứa được những yếu tố cơ bản như sau, đó là quan tâm, trách nhiệm, tôn trọng và thấu hiểu.
segment_984|Thật dễ hiểu rằng tình yêu trước tiên cần phải có sự quan tâm.
segment_985|Nếu một người nói rằng anh ấy yêu hoa nhưng lại thường xuyên quên tưới nước, liệu chúng ta có tin rằng anh ấy thực sự yêu hoa hay không?
segment_986|Tình yêu là sự quan tâm tích cực liên tục đến cuộc sống và sự phát triển của người mình yêu.
segment_987|Nếu thiếu vắng sự quan tâm tích cực này có nghĩa là giữa hai bạn không hề có tình yêu.
segment_988|Từ hành động quan tâm, chúng ta còn thấy được một khía cạnh khác của tình yêu, đó là trách nhiệm.
segment_989|Trách nhiệm thực chất ở đây là khi đối mặt với một nửa kia, chúng ta không được bỏ qua nhu cầu tinh thần của họ.
segment_990|Đôi khi nhu cầu tinh thần còn lớn hơn nhu cầu thể xác.
segment_991|Tình yêu đích thực là đi vào thế giới nội tâm và xoa dịu tâm hồn đối phương.
segment_992|Kể đến là tôn trọng.
segment_993|Tôn trọng đơn giản là chấp nhận con người thật của người ấy, thay vì mù quáng yêu cầu, đòi hỏi, kỳ vọng đối phương trở thành những gì mà chúng ta muốn.
segment_994|Đúng như câu ca dao của Pháp đó là tình yêu là đứa con của tự do.
segment_995|Hãy nhớ tình yêu đích thực luôn dựa trên tự do, nó không bao giờ là sản phẩm của sự thống trị.
segment_996|Có một câu nói rất hay như thế này mà mình đã quên mất là ở bộ phim nào.
segment_997|Nếu bạn yêu một người, hãy cho người ấy tự do.
segment_998|Nếu người ấy quay lại thì người đó sẽ luôn thuộc về bạn.
segment_999|Nếu người ấy không quay về, nghĩa là người đó chưa bao giờ thuộc về bạn.
segment_1000|Yếu tố cuối cùng của tình yêu đích thực đó chính là sự thấu hiểu.
segment_1001|Đây là một nền tảng phát triển các yếu tố bên trên.
segment_1002|Nếu không có sự thấu hiểu thì bạn sẽ không thể tôn trọng được nửa kia.
segment_1003|Nếu không có thấu hiểu dẫn đường thì tình yêu sẽ mù quáng, không có trách nhiệm, nếu không có sự thấu hiểu thì sự quan tâm sẽ chỉ là những lời thề thốt trên môi.
segment_1004|Tình yêu đích thực là quan tâm, trách nhiệm, tôn trọng và thấu hiểu.
segment_1005|Mặc dù chỉ đơn giản là tám chữ này, nhưng khi áp dụng vào thực tiễn thì không phải chuyện dễ dàng.
segment_1006|Nhưng mình tin rằng chỉ cần bạn không ngừng tu luyện nghệ thuật yêu, nâng cao sức sống, làm phong phú chính mình thì sẽ có thể tìm thấy trạng thái hòa nhập của bốn điểm này.
segment_1007|Từ đó, cuộc sống của bạn sẽ ngày càng hạnh phúc hơn.
segment_1008|Đừng chỉ nghe lý thuyết, tình yêu luôn cần rèn luyện.
segment_1009|Trước hết, nếu chúng ta chỉ làm điều gì đó đơn giản theo ý thích và cảm hứng nhất thời thì đó chỉ là một trò giải trí thú vị.
segment_1010|Tình yêu là nghệ thuật, không phải là một trò giải trí.
segment_1011|Victor Hugo đã từng nói, nếu trên đời không có tình yêu thì mặt trời cũng sẽ tắt.
segment_1012|Không ai có thể phủ nhận tầm quan trọng của tình yêu, nhưng tình yêu có thể quan trọng hơn chúng ta nghĩ rất nhiều.
segment_1013|Tác giả cho rằng tình yêu là câu trả lời cho vấn đề tồn tại của con người.
segment_1014|Con người là động vật có lý trí, khi nhận ra sự phi lý của cuộc sống, trước sự sống và cái chết, nhận ra sự bất lực của mình trước thiên nhiên và xã hội.
segment_1015|Điều này dẫn đến nỗi cô đơn sâu sắc.
segment_1016|Loại cô đơn này là một trạng thái tồn tại mà con người phải đối mặt.
segment_1017|Giống như cái chết, cô đơn luôn ở đó trong cuộc đời mỗi người.
segment_1018|Vậy làm thế nào để giải thoát bản thân khỏi sự cô đơn?
segment_1019|Đây là vấn đề sống còn của loài người.
segment_1020|Trong cuốn sách Yến hội của Platon đã viết như thế này.
segment_1021|Con người vốn có hai thân với hai đầu, bốn tay và bốn chân.
segment_1022|Do tính kiêu ngạo của con người, vua của các vị thần đã chẻ con người thành hai nửa.
segment_1023|Con người trở thành nửa người cô đơn, dành cả cuộc đời để tìm kiếm nửa kia của mình.
segment_1024|Platon cho rằng đây là nguồn gốc của tình yêu.
segment_1025|Trạng thái nửa người chưa trọn vẹn là ẩn dụ cho mỗi cá nhân chúng ta luôn không trọn vẹn và cũng thể hiện ra sự cô đơn trong tâm hồn con người.
segment_1026|Vậy làm thế nào để thoát khỏi nỗi cô đơn?
segment_1027|Tình yêu chính là câu trả lời hoàn hảo.
segment_1028|Tình yêu là một cảm xúc giúp con người duy trì sự độc lập và toàn vẹn của bản thân mà còn kết nối mình với thế giới.
segment_1029|Với tình yêu thương, con người sẽ suy nghĩ tích cực, phát huy khả năng sáng tạo, có thể nhìn nhận vấn đề và hiểu thế giới một cách toàn diện, khách quan.
segment_1030|Vì vậy, chúng ta cần có tình yêu, yêu bản thân, yêu người và yêu vạn vật.
segment_1031|Tình yêu là quan trọng như vậy, chúng ta khao khát tình yêu nhưng chưa bao giờ thực sự xem trọng tình yêu.
segment_1032|Như những con thỏ giữa đường với muôn ngàn mê hoặc, ham muốn mà quên mất cái mục đích ban đầu để tồn tại, quên đi sứ mệnh cuối cùng của vũ trụ đó chính là yêu và cho đi.
segment_1033|Hãy coi tình yêu như một nghệ thuật để thực hành và tu luyện bản thân trong hành trình trải nghiệm cuộc đời của bạn.
segment_1034|Tác giả nói rằng nếu muốn thuần thục, yêu cầu chung của bất kỳ môn nghệ thuật nào cũng cần đạt bốn điều sau đây.
segment_1035|Kỷ luật, luôn chủ động điều chỉnh bản thân mình.
segment_1036|Tập trung hết lòng, kiên nhẫn đến cùng và có một sự chú ý tối đa cho tình yêu.
segment_1037|Tác giả From tin rằng ngoài bốn điều này, một trong những điều kiện quan trọng nhất đó là cần vượt qua lòng tự ái.
segment_1038|Tự ái là gì?
segment_1039|Nói đơn giản tức là chỉ cần ai động đến mình là lập tức xù lông nhím.
segment_1040|Tự ái thực chất là tự cho mình là trung tâm, là ích kỷ.
segment_1041|Những người tự ái chỉ tập trung vào bản thân, họ không thể nhìn thế giới một cách khách quan và không thể đối xử bình đẳng với người khác.
segment_1042|Tự ái gây tổn hại rất lớn cho tình yêu vì chúng ta chỉ quan tâm đến mình nên người khác đương nhiên chỉ là đối tượng mà bạn dùng.
segment_1043|để thỏa mãn bản thân.
segment_1044|Chính vì thế, chúng ta sẽ không thực sự quan tâm và tôn trọng lẫn nhau.
segment_1045|Vậy thì làm thế nào để bạn vượt qua xu hướng tự ái này?
segment_1046|Tác giả nói rằng điều này đòi hỏi chúng ta phải phát triển lý trí và tính khách quan.
segment_1047|Đồng thời coi tình yêu như một loại đức tín, niềm tin này không phải là niềm tin tôn giáo mà là niềm tin dựa trên cuộc sống của chính mình.
segment_1048|Đó là niềm tin vào bản thân, tin vào phần cốt lõi trong nhân cách của mình.
segment_1049|Tin rằng tình yêu của mình có thể khơi dậy tình yêu của người khác.
segment_1050|Đồng thời, người khác cũng có tiềm năng tương tự như thế.
segment_1051|Tin vào sức mạnh của tình yêu và tin rằng sứ mệnh của mình là yêu và cho đi.
segment_1052|Nó vượt ra ngoài cả tình yêu nam nữ.
segment_1053|Chỉ khi tôi yêu người không liên quan gì đến lợi ích cá nhân của tôi, tình yêu của tôi mới bắt đầu phát triển.
segment_1054|Có một sai lầm thường xảy ra trong cuộc sống, ảo tưởng rằng tình yêu đích thực phải có nghĩa là không có xung đột.
segment_1055|Chúng ta tin rằng tất cả các mâu thuẫn, cãi vã đang diễn ra đều mang tính phá hoại và không mang lại lợi ích gì cho bên nào.
segment_1056|Nhưng trên thực tế, hầu hết các xung đột đều nhằm mục đích tránh xung đột thực sự.
segment_1057|Vì vậy, đừng ngại xung đột.
segment_1058|Khi số phận sắp đặt cho bạn một người thì tất cả đều là vừa vặn, tốt đẹp nhất ở thời điểm hiện tại.
segment_1059|Nếu bất cứ khi nào đau thương xảy ra giữa hai người, có nghĩa là điều đó đang nhắc nhở bạn đã đến lúc bạn phải yêu lấy chính mình rồi.
segment_1060|Mong rằng cuốn sách ngày hôm nay sẽ cho bạn điểm khởi phát hoàn toàn mới để bắt đầu một tình yêu thực sự.
segment_1061|Cuối cùng để biết rằng tình yêu đích thực là cho đi, là chấp nhận toàn bộ con người thực sự của đối phương.
segment_1062|Là yêu chính mình và sống là chính mình.
segment_1063|Cảm ơn bạn đã lắng nghe.
segment_1064|Nếu bạn cảm thấy video này có ích, hãy chia sẻ tới những người cần nó.
segment_1065|Tặng mình một nút like, nhấn nút đăng ký và mở nút chuông thông báo để đón xem những video mới nhất mỗi tuần.
segment_1066|Một lần nữa.
segment_1067|Cảm ơn các bạn và hẹn gặp lại các bạn ở những video tiếp theo.
